category,item_name,caloric_value,Average serving size (g),Calories (cal),Protein (g),"Fat, total (g)","Fat, saturated (g)",Carbohydrate (g),"Carbohydrate, sugars (g)",Sodium (mg)
Menu > Zinger Drip,Zinger Drip Sandwich Box Meal (FCS),1400-2100 Cals/Person,1940.0,3330.0,130.0,145.0,17.0,388.0,106.0,8940.0
Menu > Zinger Drip,Zinger Drip Sandwich Combo (FCS),1130-1420 Cals/Person,1940.0,3330.0,130.0,145.0,17.0,388.0,106.0,8940.0
Menu > Zinger Drip,Zinger Drip Sandwich (FCS),820 Cals/Person,1940.0,3330.0,130.0,145.0,17.0,388.0,106.0,8940.0
Menu > Zinger Drip,Zinger Drip Popcorn Bucket,1480 Cals/Person,1940.0,3330.0,130.0,145.0,17.0,388.0,106.0,8940.0
Menu > Zinger Drip,Zinger Drip Hot Wings Bucket,960 Cals/Person,1940.0,3330.0,130.0,145.0,17.0,388.0,106.0,8940.0
Menu > Zinger Drip,Zinger Drip Half Popcorn/Half Hot Wings Bucket,1140 Cals/Person,1940.0,3330.0,130.0,145.0,17.0,388.0,106.0,8940.0
Menu > Zinger Drip,5PC Zinger Drip Hot Wings,480 Cals/Person,1940.0,3330.0,130.0,145.0,17.0,388.0,106.0,8940.0
Menu > Zinger Drip,Regular Zinger Drip Popcorn,630 Cals/Person,1940.0,3330.0,130.0,145.0,17.0,388.0,106.0,8940.0
Menu > Zinger Drip,Individual Zinger Drip Sauce,200 Cals/Person,1940.0,3330.0,130.0,145.0,17.0,388.0,106.0,8940.0
Menu > Zinger Drip,Large Zinger Drip Sauce,200 Cals/Person,1940.0,3330.0,130.0,145.0,17.0,388.0,106.0,8940.0
Menu > Value Menu,Snacker Wrap ,230 Cals/Person,94.0,230.0,10.0,11.0,2.0,20.0,2.0,530.0
Menu > Value Menu,Individual Popcorn Chicken,200 Cals/Person,86.0,200.0,9.0,9.0,1.0,20.0,10.0,360.0
Menu > Value Menu,KFC S’more Brownie,430 Cals/Person,99.0,430.0,5.0,19.0,4.5,60.0,36.0,120.0
Menu > Value Menu,Individual Fries,310 Cals/Person,113.0,310.0,5.0,13.0,1.0,45.0,1.0,470.0
Menu > Value Menu,Original Recipe Slider ,240 Cals/Person,104.0,240.0,13.0,10.0,0.5,25.0,3.0,540.0
Menu > Value Menu,Go Bucket - Snacker Wrap,540 Cals/Person,207.0,540.0,15.0,24.0,3.0,65.0,3.0,990.0
Menu > Value Menu,Go Bucket - 1 Drumstick ,450 Cals/Person,170.0,450.0,21.0,21.0,2.0,47.0,2.0,610.0
Menu > Value Menu,Go Bucket - Popcorn Chicken,530 Cals/Person,199.0,530.0,15.0,23.0,2.0,67.0,10.0,870.0
Menu > Value Menu,Go Bucket - 1 Piece Original Recipe Tenders,450 Cals/Person,186.0,450.0,15.0,17.0,1.5,60.0,10.0,820.0
Menu > Value Menu,Snack Poutine,570 Cals/Person,273.0,570.0,20.0,31.0,12.0,55.0,3.0,1350.0
Menu > Value Menu,Large Poutine,740 Cals/Person,344.0,740.0,24.0,38.0,12.0,78.0,3.0,1650.0
Menu > Value Menu,Large Popcorn Poutine,950 Cals/Person,414.0,950.0,35.0,50.0,13.0,93.0,3.0,2130.0
Menu > Limited Time Offers,Zinger Drip Feast,1030-1480 Cals/Person,1940.0,3330.0,130.0,145.0,17.0,388.0,106.0,8940.0
Menu > Limited Time Offers,Family Bucket Feast,940-1440 Cals/Person,2554.0,5760.0,250.0,326.0,45.0,468.0,124.0,12790.0
Menu > Limited Time Offers,$4.49 Snacker Wrap Combo,540-860 Cals/Person,249.0,650.0,25.0,34.0,4.0,62.0,8.0,1300.0
Menu > Limited Time Offers,Family Bucket Meal,1020-1090 Cals/Person,1968.0,4790.0,210.0,267.0,34.0,397.0,82.0,10710.0
Menu > Limited Time Offers,$4.49 Popcorn Combo,460-1160 Cals/Person,249.0,650.0,25.0,34.0,4.0,62.0,8.0,1300.0
Menu > Limited Time Offers,$4.49 Slider Combo,550-870 Cals/Person,249.0,650.0,25.0,34.0,4.0,62.0,8.0,1300.0
Menu > Limited Time Offers,Family Bucket,1190-1290 Cals/Person,1472.0,3820.0,176.0,200.0,25.0,337.0,57.0,8640.0
Menu > Limited Time Offers,2 Can Dine for $12.99 (COB),770-880 Cals/Person,1940.0,3330.0,130.0,145.0,17.0,388.0,106.0,8940.0
Menu > Limited Time Offers,2 Can Dine for $12.99 (Tenders),660 Cals/Person,1940.0,3330.0,130.0,145.0,17.0,388.0,106.0,8940.0
Menu > Original Recipe Buckets,6 Piece Bucket and 2 Large Sides,750-2070 Cals/Person,0.0,0.0,0.0,0.0,0.0,0.0,0.0,0.0
Menu > Original Recipe Buckets,10 Piece Bucket and 3 Large Sides,250-550 Cals/Person,0.0,0.0,0.0,0.0,0.0,0.0,0.0,0.0
Menu > Original Recipe Buckets,14 Piece Bucket and 4 Large Sides,540-1040 Cals/Person,0.0,0.0,0.0,0.0,0.0,0.0,0.0,0.0
Menu > Original Recipe Buckets,18 Piece Bucket and 5 Large Sides,7060 Cals,3602.0,7060.0,425.0,402.0,60.0,502.0,108.0,13190.0
Menu > Original Recipe Buckets,10 Tenders Bucket and 3 Large Sides,350-1100 Cals/Person,1940.0,3330.0,130.0,145.0,17.0,388.0,106.0,8940.0
Menu > Original Recipe Buckets,14 Tenders Bucket and 4 Large Sides,350-1060 Cals/Person,2541.0,4650.0,178.0,238.0,29.0,461.0,133.0,11960.0
Menu > Original Recipe Buckets,18 Tenders Bucket and 5 Large Sides,390-1180 Cals/Person,3200.0,5610.0,229.0,287.0,34.0,600.0,185.0,15470.0
Menu > Original Recipe Buckets,Boneless Bucket,800-910 Cals/Person,1286.0,3430.0,153.0,168.0,16.0,332.0,35.0,7680.0
Menu > Original Recipe Buckets,Variety Bucket,1000-1070 Cals/Person,1566.0,4180.0,253.0,213.0,26.0,319.0,31.0,7380.0
Menu > Original Recipe Buckets,6 Piece Bucket,540-720 Cals/Person,0.0,0.0,0.0,0.0,0.0,0.0,0.0,0.0
Menu > Original Recipe Buckets,10 Piece Bucket,2100 Cals,786.0,2100.0,197.0,123.0,22.0,50.0,13.0,2860.0
Menu > Original Recipe Buckets,14 Piece Bucket,3030 Cals,1154.0,3030.0,292.0,175.0,31.0,72.0,18.0,4140.0
Menu > Original Recipe Buckets,18 Piece Bucket,3920 Cals,1476.0,3920.0,371.0,228.0,40.0,95.0,24.0,5360.0
Menu > Original Recipe Buckets,6 Original Recipe Tenders ALC,230 Cals/Person,326.0,680.0,58.0,27.0,3.0,51.0,22.0,2290.0
Menu > Original Recipe Buckets,10 Original Recipe Tenders ALC,230-300 Cals/Person,582.0,1290.0,98.0,54.0,6.0,106.0,55.0,4130.0
Menu > Original Recipe Buckets,14 Original Recipe Tenders ALC,230-310 Cals/Person,806.0,1900.0,136.0,94.0,12.0,129.0,60.0,5900.0
Menu > Original Recipe Buckets,18 Original Recipe Tenders ALC,260-350 Cals/Person,1074.0,2390.0,176.0,98.0,11.0,202.0,109.0,7570.0
Menu > Original Recipe Buckets,Small Popcorn Chicken,220 Cals,86.0,220.0,9.0,10.0,1.0,22.0,9.0,400.0
Menu > Original Recipe Buckets,Large Popcorn Chicken,1030- 1310 Cals/Person,0.0,0.0,0.0,0.0,0.0,0.0,0.0,0.0
Menu > Original Recipe Buckets,Hot Wings Bucket,152 Cals/Person,309.0,760.0,55.0,48.0,10.0,31.0,0.0,1950.0
Menu > Original Recipe Buckets,5 Hot Wings,380 Cals/Person,155.0,380.0,27.0,24.0,5.0,15.0,0.0,970.0
Menu > Big Box Meals,2P Chicken Box Meal,1360 Cals,1069.0,1360.0,57.0,60.0,8.0,152.0,82.0,1840.0
Menu > Big Box Meals,3 Original Recipe Tenders Box Meal,880-1610 Cals/Person,1069.0,1350.0,45.0,59.0,7.0,164.0,89.0,2560.0
Menu > Big Box Meals,4 Piece Chicken Box Meal,1790 Cals,1233.0,1790.0,98.0,86.0,13.0,162.0,84.0,2430.0
Menu > Big Box Meals,Deluxe Famous Chicken Sandwich Box Meal,1660 Cals/Person,1221.0,1660.0,55.0,73.0,9.0,201.0,95.0,2660.0
Menu > Big Box Meals,KFC Famous Chicken Sandwich Box Meal,1280-1980 Cals/Person,1189.0,1510.0,50.0,65.0,8.0,189.0,85.0,2440.0
Menu > Big Box Meals,Big Crunch sandwich Box Meal,1210-1910 Cals/Person,1122.0,1490.0,41.0,66.0,4.0,188.0,78.0,2260.0
Menu > Big Box Meals,Double Sliders Box Meal,1420 Cals/Person,1102.0,1420.0,42.0,56.0,5.0,191.0,88.0,2240.0
Menu > Sandwich Combos,Deluxe Famous Chicken Sandwich Combo,1320 Cals/Person,1054.0,1320.0,44.0,53.0,6.0,171.0,80.0,2030.0
Menu > Sandwich Combos,KFC Famous Chicken Sandwich Combo,1000-1300 Cals/Person,995.0,1240.0,40.0,49.0,6.0,167.0,75.0,1940.0
Menu > Sandwich Combos,Big Crunch Sandwich Combo,940-1230 Cals/Person,939.0,1190.0,30.0,47.0,3.0,168.0,72.0,1630.0
Menu > Sandwich Combos,Zinger Sandwich Combo,1200 Cals/Person,944.0,1200.0,31.0,47.0,5.0,170.0,73.0,1770.0
Menu > Sandwich Combos,Twister Combo,810-1170 Cals/Person,954.0,1060.0,30.0,36.0,4.0,160.0,72.0,1780.0
Menu > Sandwich Combos,Double Sliders Combo,1070 Cals/Person,935.0,1070.0,31.0,36.0,3.0,161.0,73.0,1600.0
Menu > Sandwich Combos,Zinger Twister Combo,1220 Cals,978.0,1220.0,29.0,50.0,7.0,171.0,71.0,1940.0
Menu > Sandwich Combos,Deluxe Famous Chicken Sandwich,755 Cals/Person,326.0,755.0,39.0,40.0,6.0,60.0,13.0,1506.0
Menu > Sandwich Combos,KFC Famous Chicken Sandwich,690-700 Cals/Person,267.0,690.0,35.0,36.0,5.0,58.0,11.0,1400.0
Menu > Sandwich Combos,Big Crunch Sandwich,620-630 Cals/Person,211.0,620.0,25.0,34.0,2.0,57.0,5.0,1100.0
Menu > Sandwich Combos,Zinger Sandwich,640 Cals,216.0,640.0,25.0,35.0,4.5,59.0,6.0,1250.0
Menu > Sandwich Combos,Double Slider Sandwich,510 Cals/Person,207.0,510.0,26.0,23.0,2.0,50.0,7.0,1080.0
Menu > Sandwich Combos,Twister Sandwich,500-570 Cals/Person,226.0,500.0,24.0,23.0,3.0,49.0,5.0,1260.0
Menu > Sandwich Combos,Zinger Twister,660 Cals,250.0,660.0,24.0,37.0,6.0,59.0,4.0,1410.0
Menu > Original Recipe Chicken Combos,2 Piece Chicken Combo,990 Cals,892.0,990.0,47.0,38.0,5.0,120.0,66.0,1130.0
Menu > Original Recipe Chicken Combos,3 Piece Chicken Combo,1200 Cals,974.0,1200.0,67.0,51.0,8.0,125.0,68.0,1430.0
Menu > Original Recipe Chicken Combos,4 Piece Chicken Combo,1430 Cals,1056.0,1430.0,88.0,64.0,10.0,132.0,72.0,1710.0
Menu > Original Recipe Chicken Combos,3 Original Recipe Tenders Combo,600-910 Cals/Person,0.0,0.0,0.0,0.0,0.0,0.0,0.0,0.0
Menu > Original Recipe Chicken Combos,4 Original Tenders Combo,780-1250 Cals/Person,0.0,0.0,0.0,0.0,0.0,0.0,0.0,0.0
Menu > Original Recipe Chicken Combos,2 Piece Chicken,440 Cals,164.0,440.0,41.0,25.0,4.5,11.0,3.0,600.0
Menu > Original Recipe Chicken Combos,3 Piece Chicken,650 Cals,246.0,650.0,62.0,38.0,7.0,16.0,4.0,890.0
Menu > Original Recipe Chicken Combos,2 Original Recipe Tenders,440 Cals,164.0,440.0,41.0,25.0,4.5,11.0,3.0,600.0
Menu > Original Recipe Chicken Combos,3 Original Recipe Tenders,370 Cals,163.0,370.0,29.0,18.0,2.0,22.0,8.0,1210.0
Menu > Original Recipe Chicken Combos,4 Original Recipe Tenders,470-650 Cals/Person,236.0,480.0,38.0,18.0,2.0,41.0,21.0,1600.0
Menu > Sides & Drinks,Large Fries,1320 Cals,482.0,1320.0,23.0,55.0,4.0,191.0,3.0,1990.0
Menu > Sides & Drinks,Individual Gravy,45 Cals,100.0,45.0,1.0,1.0,0.3,7.0,2.0,460.0
Menu > Sides & Drinks,Large Gravy,,0.0,0.0,0.0,0.0,0.0,0.0,0.0,0.0
Menu > Sides & Drinks,Individual Homestyle Coleslaw,,0.0,0.0,0.0,0.0,0.0,0.0,0.0,0.0
Menu > Sides & Drinks,Large Homestyle Coleslaw,,0.0,0.0,0.0,0.0,0.0,0.0,0.0,0.0
Menu > Sides & Drinks,Individual Macaroni Salad,,0.0,0.0,0.0,0.0,0.0,0.0,0.0,0.0
Menu > Sides & Drinks,Large Macaroni Salad,,0.0,0.0,0.0,0.0,0.0,0.0,0.0,0.0
Menu > Sides & Drinks,Individual Original Recipe Seasoned Corn,,0.0,0.0,0.0,0.0,0.0,0.0,0.0,0.0
Menu > Sides & Drinks,Large Original Recipe Seasoned Corn,,0.0,0.0,0.0,0.0,0.0,0.0,0.0,0.0
Menu > Sides & Drinks,Large 320z,,0.0,0.0,0.0,0.0,0.0,0.0,0.0,0.0
Menu > Sides & Drinks,Regular 20oz,,0.0,0.0,0.0,0.0,0.0,0.0,0.0,0.0
Menu > Sides & Drinks,Pepsi 2L,,0.0,0.0,0.0,0.0,0.0,0.0,0.0,0.0
Menu > Sides & Drinks,Pepsi 355ml,,0.0,0.0,0.0,0.0,0.0,0.0,0.0,0.0
Menu > Sides & Drinks,Pepsi 591ml,,0.0,0.0,0.0,0.0,0.0,0.0,0.0,0.0
Menu > Sides & Drinks,Diet Pepsi 2L,,0.0,0.0,0.0,0.0,0.0,0.0,0.0,0.0
Menu > Sides & Drinks,Diet Pepsi 355ml,,0.0,0.0,0.0,0.0,0.0,0.0,0.0,0.0
Menu > Sides & Drinks,Diet Pepsi 591ml,,0.0,0.0,0.0,0.0,0.0,0.0,0.0,0.0
Menu > Sides & Drinks,7Up 2L,,0.0,0.0,0.0,0.0,0.0,0.0,0.0,0.0
Menu > Sides & Drinks,7Up 355ml,,0.0,0.0,0.0,0.0,0.0,0.0,0.0,0.0
Menu > Sides & Drinks,7Up 591ml,,0.0,0.0,0.0,0.0,0.0,0.0,0.0,0.0
Menu > Sides & Drinks,2L Bottle,,0.0,0.0,0.0,0.0,0.0,0.0,0.0,0.0
Menu > Sides & Drinks,591ML Brisk Iced Tea,,0.0,0.0,0.0,0.0,0.0,0.0,0.0,0.0
Menu > Sides & Drinks,591ml Aquafina,,0.0,0.0,0.0,0.0,0.0,0.0,0.0,0.0
Menu > Essentials,1 Napkin,,0.0,0.0,0.0,0.0,0.0,0.0,0.0,0.0
Menu > Essentials,1 Fork,,0.0,0.0,0.0,0.0,0.0,0.0,0.0,0.0
Menu > Essentials,1 Ketchup,,0.0,0.0,0.0,0.0,0.0,0.0,0.0,0.0
Menu > Dips,Supercharger Dip,200 Cals/Person,1390.0,3910.0,200.0,208.0,25.0,314.0,28.0,6690.0
Menu > Dips,Buttermilk Ranch Dip,220 Cals/Person,0.0,0.0,0.0,0.0,0.0,0.0,0.0,0.0
Menu > Dips,Carolina Honey Mustard,130 Cals/Person,0.0,0.0,0.0,0.0,0.0,0.0,0.0,0.0
Menu > Dips,Southern Plum,80 Cals/Person,0.0,0.0,0.0,0.0,0.0,0.0,0.0,0.0
Menu > Upsells,$2 Onion Rings,360 Cals/Person,108.0,360.0,4.0,18.0,1.5,45.0,5.0,570.0
Menu > Upsells,2 591 ml Bottles for $4,,0.0,0.0,0.0,0.0,0.0,0.0,0.0,0.0
Menu > Upsells,6 Piece Family Special,870 Cals/Person,1808.0,4340.0,212.0,239.0,28.0,399.0,48.0,8450.0
Menu > Upsells,Add Drink,,0.0,0.0,0.0,0.0,0.0,0.0,0.0,0.0
Menu > Upsells,Add Gravy,45 Cals,100.0,45.0,1.0,1.0,0.3,7.0,2.0,460.0
Menu > Upsells,SOTD Add Fries and Drink $3,560 Cals/Person,728.0,560.0,5.0,13.0,1.0,111.0,67.0,520.0
Menu > Upsells,Free Individual Fries,310 Cals/Person,113.0,310.0,5.0,13.0,1.0,45.0,1.0,470.0
Menu > Upsells,2 for $5 Wraps,460-820 Cals/Person,199.0,530.0,20.0,24.0,3.0,49.0,12.0,1070.0
Menu > Upsells, Fries Upsell,560 Cals/Person,113.0,310.0,5.0,13.0,1.0,45.0,1.0,470.0
Menu > Upsells,2 Individual Gravy,45 Cals/Person,100.0,45.0,1.0,1.0,0.3,7.0,2.0,460.0
Menu > Upsells,2 Individual Fries & 2 20oz Drinks,310-600 Cals/Person,1940.0,3330.0,130.0,145.0,17.0,388.0,106.0,8940.0
Menu > Upsells,10pc Chicken for $25,2100 Cals,786.0,2100.0,197.0,123.0,22.0,50.0,13.0,2860.0
Menu > Upsells,10% OFF 5PC Zinger Drip Hot Wings,480 Cals/Person,1940.0,3330.0,130.0,145.0,17.0,388.0,106.0,8940.0
Menu > Upsells,10% OFF Regular Zinger Drip Popcorn,630 Cals/Person,1940.0,3330.0,130.0,145.0,17.0,388.0,106.0,8940.0
Menu > Upsells,10% OFF Zinger Drip Half Popcorn/Half Hot Wings Bucket,1140 Cals/Person,1940.0,3330.0,130.0,145.0,17.0,388.0,106.0,8940.0
Menu > Upsells,10% OFF Zinger Drip Hot Wings Bucket,960 Cals/Person,1940.0,3330.0,130.0,145.0,17.0,388.0,106.0,8940.0
Menu > Upsells,10% OFF Zinger Drip Popcorn Bucket,1480 Cals/Person,1940.0,3330.0,130.0,145.0,17.0,388.0,106.0,8940.0
Menu > Upsells,10% OFF Zinger Drip Sandwich (FCS),820 Cals/Person,1940.0,3330.0,130.0,145.0,17.0,388.0,106.0,8940.0
Menu > KFC.CA Exclusive Offers,$4.95 Popcorn Fill Up,830 Cals/Person,346.0,830.0,27.0,43.0,4.0,87.0,17.0,1720.0
Menu > KFC.CA Exclusive Offers,Mighty Box for 2,,0.0,0.0,0.0,0.0,0.0,0.0,0.0,0.0
Menu > KFC.CA Exclusive Offers,Ultimate Bucket for 2,,326.0,680.0,58.0,27.0,3.0,51.0,22.0,2290.0
Menu > KFC.CA Exclusive Offers,DM118 9 Pieces Chicken Fries & Gravy Bucket,,950.0,1090.0,44.0,31.0,3.0,165.0,102.0,1910.0
Menu > KFC.CA Exclusive Offers,DM118 9 Pieces Tenders Fries & Gravy Bucket,,0.0,0.0,0.0,0.0,0.0,0.0,0.0,0.0
Menu > KFC.CA Exclusive Offers,DM119 12 Pieces Chicken Fries & Gravy Bucket,,950.0,1090.0,44.0,31.0,3.0,165.0,102.0,1910.0
Menu > KFC.CA Exclusive Offers,2 Pc Chicken and Fries,,0.0,0.0,0.0,0.0,0.0,0.0,0.0,0.0
Menu > KFC.CA Exclusive Offers,DM119 12 Pieces Tenders Fries & Gravy Bucket,,0.0,0.0,0.0,0.0,0.0,0.0,0.0,0.0
Menu > KFC.CA Exclusive Offers,Sandwich Combo Dmail,,0.0,0.0,0.0,0.0,0.0,0.0,0.0,0.0
Menu > KFC.CA Exclusive Offers,2 Can Dine - Sandwich Combo,,0.0,0.0,0.0,0.0,0.0,0.0,0.0,0.0
Menu > KFC.CA Exclusive Offers,4 PC. Chicken Combo ,,0.0,0.0,0.0,0.0,0.0,0.0,0.0,0.0
Menu > KFC.CA Exclusive Offers,20pc. Stuffing & Gravy Bucket DM,,950.0,1090.0,44.0,31.0,3.0,165.0,102.0,1910.0
