Item Name,Source URL
Hamburger,https://www.mcdonalds.com/ca/en-ca/product/hamburger.html
Cheeseburger,https://www.mcdonalds.com/ca/en-ca/product/cheeseburger.html
McDouble,https://www.mcdonalds.com/ca/en-ca/product/mcdouble.html
Junior Chicken,https://www.mcdonalds.com/ca/en-ca/product/junior-chicken.html
Sausage McMuffin,https://www.mcdonalds.com/ca/en-ca/product/sausage-mcmuffin.html
World Famous Fries – Small,https://www.mcdonalds.com/ca/en-ca/product/french-fries-small-mcpicks.html
Vanilla Cone,https://www.mcdonalds.com/ca/en-ca/product/cone-vanilla.html
Baked Apple Pie,https://www.mcdonalds.com/ca/en-ca/product/baked-apple-pie-200553.html
Cheeseburger Deluxe,https://www.mcdonalds.com/ca/en-ca/product/cheeseburger-deluxe.html
Double Hamburger,https://www.mcdonalds.com/ca/en-ca/product/double-hamburger.html
Big Mac,https://www.mcdonalds.com/ca/en-ca/product/big-mac-sandwich.html
Double Big Mac,https://www.mcdonalds.com/ca/en-ca/product/double-big-mac-200946.html
Double Cheeseburger,https://www.mcdonalds.com/ca/en-ca/product/double-cheeseburger.html
Quarter Pounder with Cheese,https://www.mcdonalds.com/ca/en-ca/product/quarter-pounder-with-cheese.html
Quarter Pounder without Cheese,https://www.mcdonalds.com/ca/en-ca/product/quarter-pounder-without-cheese.html
Double Quarter Pounder with Cheese,https://www.mcdonalds.com/ca/en-ca/product/double-quarter-pounder-with-cheese.html
Double Quarter Pounder without Cheese,https://www.mcdonalds.com/ca/en-ca/product/double-quarter-pounder-without-cheese.html
Quarter Pounder BLT,https://www.mcdonalds.com/ca/en-ca/product/quarter-pounder-blt.html
Double Quarter Pounder BLT,https://www.mcdonalds.com/ca/en-ca/product/double-quarter-pounder-blt.html
Spicy Saja McMuffin,https://www.mcdonalds.com/ca/en-ca/product/spicy-saja-mcmuffin.html
Mighty McGriddles,https://www.mcdonalds.com/ca/en-ca/product/mighty-mcgriddle.html
Mighty McMuffin,https://www.mcdonalds.com/ca/en-ca/product/mighty-mcmuffin.html
Spicy Egg & Hash Brown Breakfast Wrap,https://www.mcdonalds.com/ca/en-ca/product/spicy-egg-hash-brown-breakfast-wrap.html
Chicken Breakfast Wrap,https://www.mcdonalds.com/ca/en-ca/product/chicken-hash-brown-breakfast-wrap.html
"Sausage, Bacon & Egg Breakfast Wrap",https://www.mcdonalds.com/ca/en-ca/product/sausage-bacon-egg-breakfast-wrap.html
Egg 'N Cheese McMuffin,https://www.mcdonalds.com/ca/en-ca/product/egg-n-cheese-mcmuffin.html
Egg 'N Cheese McGriddles,https://www.mcdonalds.com/ca/en-ca/product/egg-n-cheese-mcgriddles.html
Egg BLT McMuffin,https://www.mcdonalds.com/ca/en-ca/product/egg-blt-mcmuffin.html
Egg BLT McMuffin with Shredded Lettuce (McDonald’s in Walmart),https://www.mcdonalds.com/ca/en-ca/product/egg-blt-mcmuffin-with-shredded-lettuce.html
Chicken McMuffin,https://www.mcdonalds.com/ca/en-ca/product/chicken-mcmuffin.html
Egg McMuffin,https://www.mcdonalds.com/ca/en-ca/product/egg-mcmuffin.html
Sausage 'N Egg McMuffin,https://www.mcdonalds.com/ca/en-ca/product/sausage-n-egg-mcmuffin.html
Bacon 'N Egg McMuffin,https://www.mcdonalds.com/ca/en-ca/product/bacon-n-egg-mcmuffin.html
Plain Bagel With Butter,https://www.mcdonalds.com/ca/en-ca/product/plain-bagel-with-butter.html
Everything Bagel with Butter,https://www.mcdonalds.com/ca/en-ca/product/everything-bagel-with-butter.html
Sesame Bagel with Butter,https://www.mcdonalds.com/ca/en-ca/product/sesame-seed-bagel-with-butter-qc-only.html
Plain Bagel With Regular Cream Cheese Product,https://www.mcdonalds.com/ca/en-ca/product/plain-bagel-with-plain-cream-cheese.html
Everything Bagel With Regular Cream Cheese Product,https://www.mcdonalds.com/ca/en-ca/product/everything-bagel-with-plain-cream-cheese.html
Sesame Bagel With Regular Cream Cheese Product,https://www.mcdonalds.com/ca/en-ca/product/sesame-seed-bagel-95g-with-plain-cream-cheese.html
Egg BLT Bagel with Plain Bagel,https://www.mcdonalds.com/ca/en-ca/product/egg-blt-with-plain-bagel.html
Egg BLT Bagel with Everything Bagel,https://www.mcdonalds.com/ca/en-ca/product/egg-blt-with-everything-bagel.html
Sesame Egg BLT Bagel,https://www.mcdonalds.com/ca/en-ca/product/egg-blt-with-sesame-seed-bagel.html
Bacon ‘N Egg Bagel with Plain Bagel,https://www.mcdonalds.com/ca/en-ca/product/bacon-n-egg-with-plain-bagel.html
Bacon ‘N Egg Bagel with Everything Bagel,https://www.mcdonalds.com/ca/en-ca/product/bacon-n-egg-with-everything-bagel.html
Sesame Bacon ‘N Egg Bagel,https://www.mcdonalds.com/ca/en-ca/product/bacon-n-egg-with-sesame-seed-bagel.html
Sausage ‘N Egg Bagel with Plain Bagel,https://www.mcdonalds.com/ca/en-ca/product/sausage-n-egg-with-plain-bagel.html
Sausage ‘N Egg Bagel with Everything Bagel,https://www.mcdonalds.com/ca/en-ca/product/sausage-n-egg-with-everything-bagel.html
Sesame Sausage ‘N Egg Bagel,https://www.mcdonalds.com/ca/en-ca/product/sausage-n-egg-with-sesame-seed-bagel.html
Chicken McGriddles,https://www.mcdonalds.com/ca/en-ca/product/chicken-mcgriddles.html
"Bacon, Egg & Cheese McGriddles",https://www.mcdonalds.com/ca/en-ca/product/bacon-egg-cheese-mcgriddles.html
"Sausage, Egg & Cheese McGriddles",https://www.mcdonalds.com/ca/en-ca/product/sausage-egg-cheese-mcgriddles.html
Sausage McGriddles,https://www.mcdonalds.com/ca/en-ca/product/sausage-mcgriddles.html
Breakfast Burrito,https://www.mcdonalds.com/ca/en-ca/product/breakfast-burrito.html
English Muffin with Butter,https://www.mcdonalds.com/ca/en-ca/product/english-muffin-with-butter.html
Hash Browns,https://www.mcdonalds.com/ca/en-ca/product/hash-browns.html
Hotcakes with Syrup and Butter,https://www.mcdonalds.com/ca/en-ca/product/hotcakes-with-syrup-and-butter.html
Hotcakes,https://www.mcdonalds.com/ca/en-ca/product/hotcakes.html
Chicken Big Mac,https://www.mcdonalds.com/ca/en-ca/product/chicken-big-mac.html
Creamy Chipotle Chicken McWrap - Crispy,https://www.mcdonalds.com/ca/en-ca/product/creamy-chipotle-chicken-mcwrap-crispy.html
Creamy Chipotle Chicken McWrap - Grilled,https://www.mcdonalds.com/ca/en-ca/product/creamy-chipotle-chicken-mcwrap-grilled.html
Sweet Chili Junior Chicken,https://www.mcdonalds.com/ca/en-ca/product/sweet-chili-junior-chicken.html
McCrispy,https://www.mcdonalds.com/ca/en-ca/product/mccrispy.html
Spicy McCrispy,https://www.mcdonalds.com/ca/en-ca/product/spicy-mccrispy.html
Spicy McCrispy Bacon Deluxe,https://www.mcdonalds.com/ca/en-ca/product/spicy-mccrispy-bacon-deluxe.html
McCrispy Bacon Deluxe,https://www.mcdonalds.com/ca/en-ca/product/mccrispy-bacon-deluxe.html
Grilled Chicken Sandwich,https://www.mcdonalds.com/ca/en-ca/product/mccrispy-with-grilled-chicken.html
Bacon Deluxe Grilled Chicken Sandwich,https://www.mcdonalds.com/ca/en-ca/product/bacon-deluxe-mccrispy-sandwich-with-grilled-chicken.html
Spicy Grilled Chicken Sandwich,https://www.mcdonalds.com/ca/en-ca/product/spicy-grilled-chicken-sandwich.html
Spicy Bacon Deluxe Grilled Chicken Sandwich,https://www.mcdonalds.com/ca/en-ca/product/spicy-bacon-deluxe-grilled-chicken-sandwich.html
Spicy Habanero McChicken,https://www.mcdonalds.com/ca/en-ca/product/habanero-mcchicken-sandwich.html
McChicken,https://www.mcdonalds.com/ca/en-ca/product/mcchicken.html
4 Chicken McNuggets,https://www.mcdonalds.com/ca/en-ca/product/4-chicken-mcnuggets.html
6 Chicken McNuggets,https://www.mcdonalds.com/ca/en-ca/product/6-chicken-mcnuggets.html
10 Chicken McNuggets,https://www.mcdonalds.com/ca/en-ca/product/10-chicken-mcnuggets.html
20 Chicken McNuggets (Serves 2),https://www.mcdonalds.com/ca/en-ca/product/20-chicken-mcnuggets.html
Spicy Buffalo Chicken Poutine (Québec),https://www.mcdonalds.com/ca/en-ca/product/spicy-buffalo-chicken-poutine.html
Chicken Snack Wrap Happy Meal with Crispy Chicken,https://www.mcdonalds.com/ca/en-ca/product/happy-meal-snack-wrap-crispy.html
Spicy Buffalo Chicken Snack Wrap with Grilled Chicken,https://www.mcdonalds.com/ca/en-ca/product/spicy-buffalo-snack-wrap-grilled.html
Spicy Buffalo Chicken Snack Wrap with Crispy Chicken,https://www.mcdonalds.com/ca/en-ca/product/spicy-buffalo-snack-wrap-crispy.html
Sweet Chili McWrap - Grilled,https://www.mcdonalds.com/ca/en-ca/product/new-sweet-chili-mcwrap-grilled.html
Sweet Chili McWrap - Crispy,https://www.mcdonalds.com/ca/en-ca/product/new-sweet-chili-mcwrap-crispy.html
Chicken & Bacon McWrap - Crispy,https://www.mcdonalds.com/ca/en-ca/product/new-chicken-and-bacon-mcwrap-crispy.html
Chicken & Bacon McWrap - Grilled,https://www.mcdonalds.com/ca/en-ca/product/new-chicken-and-bacon-mcwrap-grilled.html
Ranch Chicken Snack Wrap with Grilled Chicken,https://www.mcdonalds.com/ca/en-ca/product/ranch-chicken-snack-wrap-grilled-for-relaunch.html
Ranch Chicken Snack Wrap with Crispy Chicken,https://www.mcdonalds.com/ca/en-ca/product/ranch-chicken-snack-wrap-crispy-for-relaunch.html
Strawberry Cheesecake McFlurry,https://www.mcdonalds.com/ca/en-ca/product/strawberry-cheesecake-mcflurry-regular.html
Strawberry Sundae,https://www.mcdonalds.com/ca/en-ca/product/sundae-strawberry.html
Baked Blueberry Cream Cheese Pie,https://www.mcdonalds.com/ca/en-ca/product/Baked-Blueberry-Cream-Cheese-Pie.html
Cadbury Creme Egg® McFlurry,https://www.mcdonalds.com/ca/en-ca/product/cadbury-creme-egg-mcflurry-regular.html
Hot Fudge Sundae,https://www.mcdonalds.com/ca/en-ca/product/sundae-hot-fudge.html
Hot Caramel Sundae,https://www.mcdonalds.com/ca/en-ca/product/sundae-hot-caramel.html
OREO® McFlurry,https://www.mcdonalds.com/ca/en-ca/product/mcflurry-oreo-regular-size-portion.html
SKOR® McFlurry,https://www.mcdonalds.com/ca/en-ca/product/mcflurry-dessert-crushed-skor-candy-bars-regular-size-portion.html
SMARTIES® McFlurry,https://www.mcdonalds.com/ca/en-ca/product/smarties-mcflurry-regular-size-portion.html
Yogurt Tube,https://www.mcdonalds.com/ca/en-ca/product/strawberry-flavoured-yogurt-tube.html
Baked Apple Pie,https://www.mcdonalds.com/ca/en-ca/product/baked-apple-pie.html
Grilled Cheese Happy Meal,https://www.mcdonalds.com/ca/en-ca/meal/grilled-cheese-happy-meal.html
Lettuce and Tomato Snack Wrap Happy Meal,https://www.mcdonalds.com/ca/en-ca/meal/lettuce-and-tomato-snack-wrap-happy-meal.html
4 Chicken McNuggets Happy Meal,https://www.mcdonalds.com/ca/en-ca/meal/4-chicken-mcnuggets-happy-meal.html
Cheeseburger Happy Meal,https://www.mcdonalds.com/ca/en-ca/meal/hm-cheeseburger.html
Hamburger Happy Meal,https://www.mcdonalds.com/ca/en-ca/meal/hamburger-happy-meal.html
Chicken Snack Wrap Happy Meal with Crispy Chicken,https://www.mcdonalds.com/ca/en-ca/meal/snack-wrap-crispy-happy-meal.html
Chicken Snack Wrap Happy Meal with Grilled Chicken,https://www.mcdonalds.com/ca/en-ca/meal/snack-wrap-with-grilled-chicken-happy-meal.html
Hotcakes Happy Meal,https://www.mcdonalds.com/ca/en-ca/meal/hotcakes-happy-meal.html
Biscoff® McPops,https://www.mcdonalds.com/ca/en-ca/product/biscoff-mcpops.html
Berry McPops,https://www.mcdonalds.com/ca/en-ca/product/berry-mcpops.html
White Chocolate McPops,https://www.mcdonalds.com/ca/en-ca/product/white-chocolate-mcpops.html
Hazelnut & Cocoa McPops,https://www.mcdonalds.com/ca/en-ca/product/hazelnut-cocoa-mcpops.html
Fruit & Fibre Muffin,https://www.mcdonalds.com/ca/en-ca/product/fruit-fibre-muffin.html
Chocolate Brownie Muffin,https://www.mcdonalds.com/ca/en-ca/product/chocolate-brownie-muffin.html
Blueberry Muffin,https://www.mcdonalds.com/ca/en-ca/product/blueberry-muffin.html
Carrot Muffin,https://www.mcdonalds.com/ca/en-ca/product/carrot-muffin.html
Cranberry Orange Muffin,https://www.mcdonalds.com/ca/en-ca/product/cranberry-orange-muffin-201057.html
Chocolate Chip Muffin,https://www.mcdonalds.com/ca/en-ca/product/chocolate-chip-muffin.html
McVeggie,https://www.mcdonalds.com/ca/en-ca/product/mcveggie.html
Spicy McVeggie,https://www.mcdonalds.com/ca/en-ca/product/spicy-mcveggie.html
Filet-O-Fish,https://www.mcdonalds.com/ca/en-ca/product/filet-o-fish.html
Double Filet-O-Fish,https://www.mcdonalds.com/ca/en-ca/product/double-filet-o-fish.html
Chicken Snack Wrap Happy Meal with Grilled Chicken,https://www.mcdonalds.com/ca/en-ca/product/happy-meal-snack-wrap-grilled.html
Ramyeon McShaker Fries,https://www.mcdonalds.com/ca/en-ca/product/ramyeon-mcshaker-fries.html
Chewy Chocolate Chunk Cookie,https://www.mcdonalds.com/ca/en-ca/product/chewy-chocolate-chunk-cookie.html
Rainbow Sprinkle Cookie,https://www.mcdonalds.com/ca/en-ca/product/rainbow-sprinkle-cookie.html
Toasted S’mores Cookie,https://www.mcdonalds.com/ca/en-ca/product/toasted-smores-cookie.html
Apple Slices,https://www.mcdonalds.com/ca/en-ca/product/apple-slices.html
World Famous Fries,https://www.mcdonalds.com/ca/en-ca/product/french-fries-medium.html
Mini Fry,https://www.mcdonalds.com/ca/en-ca/product/mini-fry.html
Poutine,https://www.mcdonalds.com/ca/en-ca/product/poutine.html
