Item Name,Source URL,Serving Size,Calories,Total Fat (g),Saturated Fat (g),Trans Fat (g),Cholesterol (mg),Sodium (mg),Carbohydrates (g),Fibre (g),Sugars (g),Protein (g),Potassium (mg),Calcium (% DV),Iron (% DV),Vitamin A (% DV),Vitamin C (% DV),Vitamin D (% DV),Contains Allergens,May Contain Allergens
Hamburger,https://www.mcdonalds.com/ca/en-ca/product/hamburger.html,100 g,240 Cals,8 g,3 g,0.2 g,25 mg,490 mg,32 g,2 g,7 g,12 g,175 mg,2,14,0,,0,"Mustard, Wheat",
Cheeseburger,https://www.mcdonalds.com/ca/en-ca/product/cheeseburger.html,113 g,290 Cals,12 g,5 g,0.3 g,35 mg,670 mg,32 g,2 g,7 g,14 g,200 mg,8,14,0,,0,"Milk, Mustard, Soy, Wheat",
McDouble,https://www.mcdonalds.com/ca/en-ca/product/mcdouble.html,149 g,380 Cals,18 g,8 g,0.5 g,55 mg,840 mg,34 g,2 g,7 g,21 g,300 mg,8,19,0,,0,"Milk, Mustard, Soy, Wheat",
Junior Chicken,https://www.mcdonalds.com/ca/en-ca/product/junior-chicken.html,132 g,380 Cals,21 g,3.5 g,0.2 g,35 mg,570 mg,36 g,2 g,5 g,12 g,400 mg,2,14,0,,0,"Egg, Mustard, Wheat",
Sausage McMuffin,https://www.mcdonalds.com/ca/en-ca/product/sausage-mcmuffin.html,111 g,370 Cals,22 g,9 g,0.3 g,50 mg,820 mg,28 g,2 g,2 g,15 g,175 mg,13,13,0,,0,"Barley, Milk, Soy, Wheat",
World Famous Fries – Small,https://www.mcdonalds.com/ca/en-ca/product/french-fries-small-mcpicks.html,75 g,240 Cals,11 g,1.5 g,0 g,0 mg,180 mg,31 g,3 g,0 g,3 g,400 mg,0,3,0,,0,,
Vanilla Cone,https://www.mcdonalds.com/ca/en-ca/product/cone-vanilla.html,125 ml,240 Cals,6 g,4 g,0.2 g,25 mg,150 mg,40 g,0 g,30 g,6 g,10 mg,12,2,6,,0,"Milk, Soy, Wheat",
Baked Apple Pie,https://www.mcdonalds.com/ca/en-ca/product/baked-apple-pie-200553.html,158 g,540 Cals,26 g,17 g,0.1 g,0 mg,270 mg,68 g,3 g,21 g,6 g,125 mg,2,31,0,,0,"Soy, Wheat",
Cheeseburger Deluxe,https://www.mcdonalds.com/ca/en-ca/product/cheeseburger-deluxe.html,154 g,340 Cals,17 g,6 g,0.4 g,40 mg,800 mg,33 g,2 g,8 g,15 g,250 mg,8,14,11,,0,"Egg, Milk, Mustard, Soy, Wheat",
Double Hamburger,https://www.mcdonalds.com/ca/en-ca/product/double-hamburger.html,130 g,320 Cals,14 g,6 g,0.4 g,45 mg,610 mg,32 g,2 g,7 g,18 g,300 mg,2,19,0,,0,"Mustard, Wheat",
Big Mac,https://www.mcdonalds.com/ca/en-ca/product/big-mac-sandwich.html,216 g,570 Cals,32 g,10 g,0.5 g,70 mg,920 mg,46 g,3 g,8 g,24 g,350 mg,10,25,0,,0,"Egg, Milk, Mustard, Sesame Seeds, Soy, Wheat",
Double Big Mac,https://www.mcdonalds.com/ca/en-ca/product/double-big-mac-200946.html,289 g,740 Cals,44 g,16 g,1 g,115 mg,1020 mg,48 g,3 g,9 g,38 g,550 mg,10,33,6,,0,"Egg, Milk, Mustard, Sesame Seeds, Soy, Wheat",
Double Cheeseburger,https://www.mcdonalds.com/ca/en-ca/product/double-cheeseburger.html,161 g,420 Cals,21 g,11 g,0.5 g,65 mg,1010 mg,34 g,2 g,7 g,24 g,300 mg,13,19,0,,0,"Milk, Mustard, Soy, Wheat",
Quarter Pounder with Cheese,https://www.mcdonalds.com/ca/en-ca/product/quarter-pounder-with-cheese.html,201 g,530 Cals,27 g,13 g,1 g,80 mg,1050 mg,41 g,2 g,10 g,29 g,400 mg,13,25,0,,0,"Milk, Mustard, Sesame Seeds, Soy, Wheat",
Quarter Pounder without Cheese,https://www.mcdonalds.com/ca/en-ca/product/quarter-pounder-without-cheese.html,172 g,430 Cals,20 g,8 g,0.5 g,60 mg,660 mg,40 g,2 g,9 g,24 g,350 mg,2,25,0,,0,"Mustard, Sesame Seeds, Wheat",
Double Quarter Pounder with Cheese,https://www.mcdonalds.com/ca/en-ca/product/double-quarter-pounder-with-cheese.html,278 g,750 Cals,44 g,21 g,1.5 g,145 mg,1210 mg,42 g,3 g,10 g,47 g,600 mg,15,36,6,,0,"Milk, Mustard, Sesame Seeds, Soy, Wheat",
Double Quarter Pounder without Cheese,https://www.mcdonalds.com/ca/en-ca/product/double-quarter-pounder-without-cheese.html,251 g,650 Cals,37 g,16 g,1.5 g,125 mg,840 mg,40 g,3 g,9 g,42 g,600 mg,4,36,6,,0,"Mustard, Sesame Seeds, Wheat",
Quarter Pounder BLT,https://www.mcdonalds.com/ca/en-ca/product/quarter-pounder-blt.html,231 g,610 Cals,35 g,14 g,1 g,95 mg,1190 mg,43 g,3 g,11 g,31 g,450 mg,8,25,11,,0,"Egg, Milk, Mustard, Sesame Seeds, Soy, Wheat",
Double Quarter Pounder BLT,https://www.mcdonalds.com/ca/en-ca/product/double-quarter-pounder-blt.html,309 g,830 Cals,52 g,21 g,1.5 g,155 mg,1300 mg,43 g,3 g,11 g,49 g,650 mg,10,36,11,,0,"Egg, Milk, Mustard, Sesame Seeds, Soy, Wheat",
Spicy Saja McMuffin,https://www.mcdonalds.com/ca/en-ca/product/spicy-saja-mcmuffin.html,173 g,500 Cals,32 g,12 g,0.3 g,240 mg,960 mg,29 g,2 g,3 g,21 g,250 mg,17,17,0,,0,"Barley, Egg, Milk, Mustard, Soy, Wheat",
Mighty McGriddles,https://www.mcdonalds.com/ca/en-ca/product/mighty-mcgriddle.html,210 g,590 Cals,36 g,15 g,0.3 g,250 mg,1590 mg,43 g,1 g,15 g,24 g,250 mg,12,17,0,,0,"Barley, Egg, Milk, Soy, Wheat",
Mighty McMuffin,https://www.mcdonalds.com/ca/en-ca/product/mighty-mcmuffin.html,175 g,520 Cals,33 g,13 g,0.3 g,255 mg,1170 mg,29 g,2 g,3 g,26 g,225 mg,15,17,0,,0,"Barley, Egg, Milk, Soy, Wheat",
Spicy Egg & Hash Brown Breakfast Wrap,https://www.mcdonalds.com/ca/en-ca/product/spicy-egg-hash-brown-breakfast-wrap.html,265 g,630 Cals,39 g,10 g,0.3 g,210 mg,1060 mg,54 g,4 g,5 g,17 g,650 mg,13,22,11,,0,"Egg, Milk, Mustard, Soy, Wheat",
Chicken Breakfast Wrap,https://www.mcdonalds.com/ca/en-ca/product/chicken-hash-brown-breakfast-wrap.html,239 g,680 Cals,42 g,10 g,0.4 g,50 mg,1200 mg,60 g,4 g,3 g,17 g,850 mg,10,19,0,,0,"Egg, Milk, Mustard, Soy, Wheat",
"Sausage, Bacon & Egg Breakfast Wrap",https://www.mcdonalds.com/ca/en-ca/product/sausage-bacon-egg-breakfast-wrap.html,250 g,800 Cals,54 g,16 g,0.5 g,250 mg,1500 mg,53 g,3 g,4 g,26 g,650 mg,12,19,0,,0,"Egg, Milk, Mustard, Soy, Wheat",
Egg 'N Cheese McMuffin,https://www.mcdonalds.com/ca/en-ca/product/egg-n-cheese-mcmuffin.html,120 g,280 Cals,12 g,5 g,0.2 g,200 mg,510 mg,28 g,2 g,2 g,14 g,125 mg,15,14,0,,0,"Barley, Egg, Milk, Soy, Wheat",
Egg 'N Cheese McGriddles,https://www.mcdonalds.com/ca/en-ca/product/egg-n-cheese-mcgriddles.html,154 g,340 Cals,14 g,7 g,0.2 g,195 mg,920 mg,41 g,1 g,14 g,12 g,150 mg,13,13,0,,0,"Barley, Egg, Milk, Soy, Wheat",
Egg BLT McMuffin,https://www.mcdonalds.com/ca/en-ca/product/egg-blt-mcmuffin.html,154 g,360 Cals,19 g,7 g,0.3 g,205 mg,700 mg,29 g,2 g,3 g,16 g,175 mg,15,14,6,,0,"Barley, Egg, Milk, Mustard, Soy, Wheat",
Egg BLT McMuffin with Shredded Lettuce (McDonald’s in Walmart),https://www.mcdonalds.com/ca/en-ca/product/egg-blt-mcmuffin-with-shredded-lettuce.html,165 g,360 Cals,19 g,7 g,0.3 g,205 mg,700 mg,30 g,2 g,3 g,16 g,200 mg,15,14,11,,0,"Barley, Egg, Milk, Mustard, Soy, Wheat",
Chicken McMuffin,https://www.mcdonalds.com/ca/en-ca/product/chicken-mcmuffin.html,125 g,360 Cals,18 g,6 g,0.2 g,45 mg,730 mg,35 g,2 g,2 g,14 g,400 mg,13,14,0,,0,"Barley, Egg, Milk, Mustard, Soy, Wheat",
Egg McMuffin,https://www.mcdonalds.com/ca/en-ca/product/egg-mcmuffin.html,133 g,290 Cals,11 g,5 g,0.2 g,195 mg,750 mg,28 g,2 g,3 g,16 g,175 mg,15,14,0,,0,"Barley, Egg, Milk, Soy, Wheat",
Sausage 'N Egg McMuffin,https://www.mcdonalds.com/ca/en-ca/product/sausage-n-egg-mcmuffin.html,158 g,440 Cals,26 g,11 g,0.3 g,225 mg,880 mg,29 g,2 g,3 g,20 g,225 mg,15,14,0,,0,"Barley, Egg, Milk, Soy, Wheat",
Bacon 'N Egg McMuffin,https://www.mcdonalds.com/ca/en-ca/product/bacon-n-egg-mcmuffin.html,124 g,310 Cals,15 g,6 g,0.2 g,200 mg,670 mg,28 g,2 g,3 g,16 g,125 mg,15,14,0,,0,"Barley, Egg, Milk, Soy, Wheat",
Plain Bagel With Butter,https://www.mcdonalds.com/ca/en-ca/product/plain-bagel-with-butter.html,104 g,320 Cals,7 g,4.5 g,0.2 g,20 mg,370 mg,54 g,3 g,8 g,10 g,100 mg,2,17,11,,0,"Barley, Milk, Wheat",
Everything Bagel with Butter,https://www.mcdonalds.com/ca/en-ca/product/everything-bagel-with-butter.html,102 g,330 Cals,9 g,4.5 g,0.2 g,20 mg,340 mg,52 g,3 g,6 g,10 g,0 mg,2,19,11,,0,"Milk, Sesame Seeds, Wheat",
Sesame Bagel with Butter,https://www.mcdonalds.com/ca/en-ca/product/sesame-seed-bagel-with-butter-qc-only.html,103 g,330 Cals,9 g,4.5 g,0.2 g,20 mg,380 mg,54 g,3 g,7 g,10 g,0 mg,2,17,11,,0,"Barley, Milk, Sesame Seeds, Wheat",
Plain Bagel With Regular Cream Cheese Product,https://www.mcdonalds.com/ca/en-ca/product/plain-bagel-with-plain-cream-cheese.html,136 g,370 Cals,10 g,6 g,0.4 g,30 mg,490 mg,58 g,3 g,11 g,12 g,175 mg,6,17,11,,0,"Barley, Milk, Wheat",
Everything Bagel With Regular Cream Cheese Product,https://www.mcdonalds.com/ca/en-ca/product/everything-bagel-with-plain-cream-cheese.html,134 g,380 Cals,12 g,7 g,0.4 g,30 mg,460 mg,55 g,3 g,9 g,13 g,75 mg,6,19,11,,0,"Milk, Sesame Seeds, Wheat",
Sesame Bagel With Regular Cream Cheese Product,https://www.mcdonalds.com/ca/en-ca/product/sesame-seed-bagel-95g-with-plain-cream-cheese.html,135 g,380 Cals,11 g,6 g,0.4 g,30 mg,500 mg,57 g,3 g,10 g,13 g,75 mg,6,19,11,,0,"Barley, Milk, Sesame Seeds, Wheat",
Egg BLT Bagel with Plain Bagel,https://www.mcdonalds.com/ca/en-ca/product/egg-blt-with-plain-bagel.html,208 g,550 Cals,27 g,10 g,0.3 g,235 mg,860 mg,57 g,3 g,10 g,23 g,225 mg,4,22,17,,0,"Barley, Egg, Milk, Mustard, Wheat",
Egg BLT Bagel with Everything Bagel,https://www.mcdonalds.com/ca/en-ca/product/egg-blt-with-everything-bagel.html,206 g,560 Cals,29 g,10 g,0.4 g,235 mg,820 mg,55 g,3 g,8 g,23 g,125 mg,4,22,17,,0,"Egg, Milk, Mustard, Sesame Seeds, Wheat",
Sesame Egg BLT Bagel,https://www.mcdonalds.com/ca/en-ca/product/egg-blt-with-sesame-seed-bagel.html,207 g,570 Cals,28 g,10 g,0.3 g,235 mg,870 mg,57 g,3 g,9 g,23 g,125 mg,4,22,17,,0,"Barley, Egg, Milk, Mustard, Sesame Seeds, Wheat",
Bacon ‘N Egg Bagel with Plain Bagel,https://www.mcdonalds.com/ca/en-ca/product/bacon-n-egg-with-plain-bagel.html,186 g,540 Cals,24 g,11 g,0.4 g,240 mg,990 mg,57 g,3 g,9 g,25 g,175 mg,10,22,11,,0,"Barley, Egg, Milk, Soy, Wheat",
Bacon ‘N Egg Bagel with Everything Bagel,https://www.mcdonalds.com/ca/en-ca/product/bacon-n-egg-with-everything-bagel.html,184 g,550 Cals,26 g,11 g,0.4 g,240 mg,950 mg,54 g,3 g,7 g,26 g,75 mg,10,22,11,,0,"Egg, Milk, Sesame Seeds, Soy, Wheat",
Sesame Bacon ‘N Egg Bagel,https://www.mcdonalds.com/ca/en-ca/product/bacon-n-egg-with-sesame-seed-bagel.html,185 g,550 Cals,25 g,11 g,0.4 g,240 mg,990 mg,57 g,3 g,9 g,26 g,75 mg,10,22,11,,0,"Barley, Egg, Milk, Sesame Seeds, Soy, Wheat",
Sausage ‘N Egg Bagel with Plain Bagel,https://www.mcdonalds.com/ca/en-ca/product/sausage-n-egg-with-plain-bagel.html,210 g,610 Cals,31 g,14 g,0.4 g,250 mg,990 mg,56 g,3 g,9 g,26 g,300 mg,10,22,11,,0,"Barley, Egg, Milk, Soy, Wheat",
Sausage ‘N Egg Bagel with Everything Bagel,https://www.mcdonalds.com/ca/en-ca/product/sausage-n-egg-with-everything-bagel.html,208 g,620 Cals,33 g,14 g,0.4 g,250 mg,950 mg,54 g,3 g,7 g,27 g,175 mg,10,25,11,,0,"Egg, Milk, Sesame Seeds, Soy, Wheat",
Sesame Sausage ‘N Egg Bagel,https://www.mcdonalds.com/ca/en-ca/product/sausage-n-egg-with-sesame-seed-bagel.html,209 g,620 Cals,33 g,14 g,0.4 g,250 mg,990 mg,56 g,3 g,8 g,26 g,175 mg,10,22,11,,0,"Barley, Egg, Milk, Sesame Seeds, Soy, Wheat",
Chicken McGriddles,https://www.mcdonalds.com/ca/en-ca/product/chicken-mcgriddles.html,143 g,360 Cals,14 g,4.5 g,0.1 g,25 mg,960 mg,47 g,1 g,14 g,10 g,400 mg,6,14,0,,0,"Barley, Milk, Soy, Wheat",
"Bacon, Egg & Cheese McGriddles",https://www.mcdonalds.com/ca/en-ca/product/bacon-egg-cheese-mcgriddles.html,159 g,380 Cals,18 g,8 g,0.2 g,195 mg,1080 mg,42 g,1 g,15 g,14 g,150 mg,13,14,0,,0,"Barley, Egg, Milk, Soy, Wheat",
"Sausage, Egg & Cheese McGriddles",https://www.mcdonalds.com/ca/en-ca/product/sausage-egg-cheese-mcgriddles.html,193 g,510 Cals,29 g,12 g,0.3 g,220 mg,1290 mg,42 g,1 g,15 g,19 g,250 mg,13,14,0,,0,"Barley, Egg, Milk, Soy, Wheat",
Sausage McGriddles,https://www.mcdonalds.com/ca/en-ca/product/sausage-mcgriddles.html,133 g,390 Cals,21 g,8 g,0.1 g,35 mg,1050 mg,41 g,1 g,14 g,10 g,175 mg,6,13,0,,0,"Barley, Milk, Soy, Wheat",
Breakfast Burrito,https://www.mcdonalds.com/ca/en-ca/product/breakfast-burrito.html,114 g,290 Cals,16 g,7 g,0.2 g,165 mg,570 mg,23 g,1 g,1 g,13 g,150 mg,8,13,0,,0,"Egg, Milk, Soy, Wheat",
English Muffin with Butter,https://www.mcdonalds.com/ca/en-ca/product/english-muffin-with-butter.html,58 g,170 Cals,4 g,2 g,0.1 g,10 mg,280 mg,27 g,2 g,2 g,5 g,50 mg,8,10,0,,0,"Barley, Milk, Wheat",
Hash Browns,https://www.mcdonalds.com/ca/en-ca/product/hash-browns.html,55 g,160 Cals,10 g,1.5 g,0 g,0 mg,360 mg,16 g,2 g,0 g,1 g,150 mg,0,2,0,,0,,
Hotcakes with Syrup and Butter,https://www.mcdonalds.com/ca/en-ca/product/hotcakes-with-syrup-and-butter.html,206 g,550 Cals,16 g,6 g,0.2 g,45 mg,660 mg,93 g,3 g,46 g,8 g,250 mg,10,17,11,,0,"Egg, Milk, Soy, Wheat",
Hotcakes,https://www.mcdonalds.com/ca/en-ca/product/hotcakes.html,153 g,350 Cals,9 g,1.5 g,0 g,20 mg,600 mg,60 g,3 g,14 g,8 g,250 mg,10,17,0,,0,"Egg, Milk, Soy, Wheat",
Chicken Big Mac,https://www.mcdonalds.com/ca/en-ca/product/chicken-big-mac.html,236 g,610 Cals,31 g,7 g,0.3 g,60 mg,1070 mg,60 g,3 g,8 g,23 g,350 mg,8,19,0,,0,"Egg, Milk, Mustard, Sesame Seeds, Soy, Wheat",
Creamy Chipotle Chicken McWrap - Crispy,https://www.mcdonalds.com/ca/en-ca/product/creamy-chipotle-chicken-mcwrap-crispy.html,273 g,680 Cals,39 g,8 g,0.3 g,70 mg,1020 mg,53 g,3 g,7 g,28 g,800 mg,6,19,11,,0,"Egg, Mustard, Wheat",
Creamy Chipotle Chicken McWrap - Grilled,https://www.mcdonalds.com/ca/en-ca/product/creamy-chipotle-chicken-mcwrap-grilled.html,257 g,550 Cals,29 g,6 g,0.2 g,95 mg,830 mg,41 g,3 g,5 g,31 g,450 mg,6,17,11,,0,"Egg, Mustard, Wheat",
Sweet Chili Junior Chicken,https://www.mcdonalds.com/ca/en-ca/product/sweet-chili-junior-chicken.html,148 g,410 Cals,21 g,4 g,0.2 g,40 mg,710 mg,43 g,2 g,11 g,12 g,400 mg,2,14,0,,0,"Egg, Mustard, Wheat",
McCrispy,https://www.mcdonalds.com/ca/en-ca/product/mccrispy.html,205 g,520 Cals,26 g,4.5 g,0.3 g,70 mg,840 mg,44 g,2 g,8 g,29 g,500 mg,2,14,0,,0,"Egg, Mustard, Wheat",
Spicy McCrispy,https://www.mcdonalds.com/ca/en-ca/product/spicy-mccrispy.html,209 g,510 Cals,24 g,3.5 g,0.2 g,70 mg,870 mg,44 g,2 g,9 g,29 g,500 mg,2,17,0,,0,"Egg, Mustard, Wheat",
Spicy McCrispy Bacon Deluxe,https://www.mcdonalds.com/ca/en-ca/product/spicy-mccrispy-bacon-deluxe.html,240 g,580 Cals,30 g,5 g,0.2 g,85 mg,1120 mg,46 g,3 g,10 g,34 g,550 mg,2,19,11,,0,"Egg, Mustard, Wheat",
McCrispy Bacon Deluxe,https://www.mcdonalds.com/ca/en-ca/product/mccrispy-bacon-deluxe.html,236 g,590 Cals,32 g,6 g,0.3 g,85 mg,1090 mg,45 g,2 g,9 g,34 g,550 mg,2,17,6,,0,"Egg, Mustard, Wheat",
Grilled Chicken Sandwich,https://www.mcdonalds.com/ca/en-ca/product/mccrispy-with-grilled-chicken.html,189 g,400 Cals,16 g,3 g,0.2 g,90 mg,650 mg,32 g,2 g,6 g,31 g,150 mg,2,14,0,,0,"Egg, Mustard, Wheat",
Bacon Deluxe Grilled Chicken Sandwich,https://www.mcdonalds.com/ca/en-ca/product/bacon-deluxe-mccrispy-sandwich-with-grilled-chicken.html,220 g,470 Cals,22 g,5 g,0.2 g,110 mg,900 mg,33 g,2 g,7 g,36 g,200 mg,2,14,6,,0,"Egg, Mustard, Wheat",
Spicy Grilled Chicken Sandwich,https://www.mcdonalds.com/ca/en-ca/product/spicy-grilled-chicken-sandwich.html,193 g,380 Cals,14 g,2.5 g,0.1 g,90 mg,680 mg,32 g,2 g,7 g,31 g,175 mg,2,17,0,,0,"Egg, Mustard, Wheat",
Spicy Bacon Deluxe Grilled Chicken Sandwich,https://www.mcdonalds.com/ca/en-ca/product/spicy-bacon-deluxe-grilled-chicken-sandwich.html,224 g,450 Cals,20 g,4 g,0.1 g,110 mg,930 mg,34 g,2 g,8 g,36 g,200 mg,2,17,11,,0,"Egg, Mustard, Wheat",
Spicy Habanero McChicken,https://www.mcdonalds.com/ca/en-ca/product/habanero-mcchicken-sandwich.html,179 g,470 Cals,25 g,4 g,0.2 g,45 mg,680 mg,45 g,3 g,7 g,16 g,125 mg,2,19,0,,0,"Egg, Mustard, Sesame Seeds, Soy, Wheat",
McChicken,https://www.mcdonalds.com/ca/en-ca/product/mcchicken.html,175 g,480 Cals,27 g,4.5 g,0.3 g,45 mg,650 mg,45 g,3 g,6 g,16 g,125 mg,2,17,0,,0,"Egg, Mustard, Sesame Seeds, Soy, Wheat",
4 Chicken McNuggets,https://www.mcdonalds.com/ca/en-ca/product/4-chicken-mcnuggets.html,64 g,170 Cals,9 g,1.5 g,0 g,30 mg,300 mg,10 g,0 g,0 g,10 g,0 mg,0,3,0,,0,Wheat,
6 Chicken McNuggets,https://www.mcdonalds.com/ca/en-ca/product/6-chicken-mcnuggets.html,95 g,250 Cals,14 g,2.5 g,0.1 g,40 mg,450 mg,15 g,0 g,0 g,16 g,0 mg,0,4,0,,0,Wheat,
10 Chicken McNuggets,https://www.mcdonalds.com/ca/en-ca/product/10-chicken-mcnuggets.html,159 g,410 Cals,23 g,4 g,0.2 g,70 mg,750 mg,26 g,0 g,0 g,26 g,0 mg,2,7,0,,0,Wheat,
20 Chicken McNuggets (Serves 2),https://www.mcdonalds.com/ca/en-ca/product/20-chicken-mcnuggets.html,318 g,830 Cals,46 g,8 g,0.4 g,140 mg,1490 mg,51 g,0 g,0 g,52 g,0 mg,2,14,0,,0,Wheat,
Spicy Buffalo Chicken Poutine (Québec),https://www.mcdonalds.com/ca/en-ca/product/spicy-buffalo-chicken-poutine.html,324 g,1010 Cals,46 g,14 g,1 g,90 mg,3630 mg,122 g,6 g,9 g,31 g,1050 mg,38,14,0,,0,"Milk, Wheat",
Chicken Snack Wrap Happy Meal with Crispy Chicken,https://www.mcdonalds.com/ca/en-ca/product/happy-meal-snack-wrap-crispy.html,118 g,290 Cals,14 g,3.5 g,0.1 g,30 mg,410 mg,27 g,1 g,1 g,14 g,225 mg,0,10,0,,0,"Egg, Mustard, Wheat",
Spicy Buffalo Chicken Snack Wrap with Grilled Chicken,https://www.mcdonalds.com/ca/en-ca/product/spicy-buffalo-snack-wrap-grilled.html,124 g,240 Cals,10 g,4.5 g,0.2 g,50 mg,550 mg,21 g,1 g,0 g,18 g,75 mg,6,10,0,,0,"Milk, Wheat",
Spicy Buffalo Chicken Snack Wrap with Crispy Chicken,https://www.mcdonalds.com/ca/en-ca/product/spicy-buffalo-snack-wrap-crispy.html,132 g,310 Cals,15 g,5 g,0.2 g,40 mg,650 mg,27 g,1 g,1 g,17 g,250 mg,6,10,0,,0,"Milk, Wheat",
Sweet Chili McWrap - Grilled,https://www.mcdonalds.com/ca/en-ca/product/new-sweet-chili-mcwrap-grilled.html,234 g,460 Cals,18 g,5 g,0.2 g,90 mg,840 mg,45 g,2 g,11 g,30 g,400 mg,4,17,0,,0,"Egg, Mustard, Wheat",
Sweet Chili McWrap - Crispy,https://www.mcdonalds.com/ca/en-ca/product/new-sweet-chili-mcwrap-crispy.html,250 g,590 Cals,28 g,6 g,0.2 g,65 mg,1030 mg,56 g,3 g,13 g,28 g,700 mg,6,17,0,,0,"Egg, Mustard, Wheat",
Chicken & Bacon McWrap - Crispy,https://www.mcdonalds.com/ca/en-ca/product/new-chicken-and-bacon-mcwrap-crispy.html,258 g,610 Cals,32 g,8 g,0.3 g,80 mg,1040 mg,49 g,3 g,6 g,31 g,750 mg,6,19,11,,0,"Egg, Mustard, Wheat",
Chicken & Bacon McWrap - Grilled,https://www.mcdonalds.com/ca/en-ca/product/new-chicken-and-bacon-mcwrap-grilled.html,242 g,480 Cals,22 g,6 g,0.2 g,100 mg,850 mg,37 g,2 g,4 g,33 g,400 mg,6,17,11,,0,"Egg, Mustard, Wheat",
Ranch Chicken Snack Wrap with Grilled Chicken,https://www.mcdonalds.com/ca/en-ca/product/ranch-chicken-snack-wrap-grilled-for-relaunch.html,124 g,260 Cals,11 g,4.5 g,0.1 g,55 mg,420 mg,22 g,1 g,1 g,18 g,100 mg,8,10,0,,0,"Egg, Milk, Wheat",
Ranch Chicken Snack Wrap with Crispy Chicken,https://www.mcdonalds.com/ca/en-ca/product/ranch-chicken-snack-wrap-crispy-for-relaunch.html,132 g,320 Cals,16 g,5 g,0.2 g,40 mg,510 mg,28 g,1 g,2 g,17 g,250 mg,8,10,0,,0,"Egg, Milk, Wheat",
Strawberry Cheesecake McFlurry,https://www.mcdonalds.com/ca/en-ca/product/strawberry-cheesecake-mcflurry-regular.html,355 ml,730 Cals,22 g,12 g,0.5 g,40 mg,330 mg,123 g,1 g,94 g,11 g,75 mg,19,11,11,,0,"Milk, Wheat",
Strawberry Sundae,https://www.mcdonalds.com/ca/en-ca/product/sundae-strawberry.html,175 ml,310 Cals,6 g,4 g,0.2 g,25 mg,140 mg,58 g,1 g,52 g,5 g,40 mg,12,1,6,,0,Milk,
Baked Blueberry Cream Cheese Pie,https://www.mcdonalds.com/ca/en-ca/product/Baked-Blueberry-Cream-Cheese-Pie.html,71 g,270 Cals,15 g,8 g,0.1 g,5 mg,140 mg,31 g,1 g,11 g,3 g,50 mg,0,6,0,,0,"Milk, Soy, Wheat",
Cadbury Creme Egg® McFlurry,https://www.mcdonalds.com/ca/en-ca/product/cadbury-creme-egg-mcflurry-regular.html,301 g,630 Cals,20 g,13 g,0.4 g,50 mg,270 mg,101 g,1 g,84 g,12 g,0 mg,27,10,11,,0,"Milk, Soy",
Hot Fudge Sundae,https://www.mcdonalds.com/ca/en-ca/product/sundae-hot-fudge.html,175 ml,340 Cals,10 g,8 g,0.2 g,25 mg,230 mg,55 g,1 g,47 g,7 g,150 mg,15,10,6,,0,"Milk, Soy",
Hot Caramel Sundae,https://www.mcdonalds.com/ca/en-ca/product/sundae-hot-caramel.html,175 ml,340 Cals,7 g,4.5 g,0.3 g,30 mg,230 mg,62 g,0 g,44 g,6 g,40 mg,13,1,6,,0,Milk,
OREO® McFlurry,https://www.mcdonalds.com/ca/en-ca/product/mcflurry-oreo-regular-size-portion.html,355 ml,570 Cals,19 g,12 g,0.4 g,40 mg,410 mg,90 g,1 g,68 g,11 g,0 mg,19,11,11,,0,"Milk, Soy, Wheat",
SKOR® McFlurry,https://www.mcdonalds.com/ca/en-ca/product/mcflurry-dessert-crushed-skor-candy-bars-regular-size-portion.html,355 ml,540 Cals,21 g,13 g,0.5 g,55 mg,340 mg,81 g,0 g,71 g,10 g,50 mg,23,3,11,,0,"Milk, Soy, Tree Nuts",
SMARTIES® McFlurry,https://www.mcdonalds.com/ca/en-ca/product/smarties-mcflurry-regular-size-portion.html,355 ml,600 Cals,17 g,11 g,0.4 g,50 mg,290 mg,99 g,1 g,87 g,12 g,0 mg,27,6,11,,0,"Milk, Soy, Wheat",
Yogurt Tube,https://www.mcdonalds.com/ca/en-ca/product/strawberry-flavoured-yogurt-tube.html,30 g,25 Cals,0 g,0 g,0 g,0 mg,10 mg,4 g,0 g,3 g,1 g,40 mg,2,0,0,,1,Milk,
Baked Apple Pie,https://www.mcdonalds.com/ca/en-ca/product/baked-apple-pie.html,79 g,270 Cals,13 g,9 g,0.1 g,0 mg,135 mg,34 g,1 g,10 g,3 g,75 mg,0,17,0,,0,"Soy, Wheat",
Grilled Cheese Happy Meal,https://www.mcdonalds.com/ca/en-ca/meal/grilled-cheese-happy-meal.html,426 g,410 Cals,12.5 g,7.5 g,0.3 g,30 mg,732 mg,53 g,3 g,27 g,20.1 g,590 mg,,,,,,"Milk, Sesame Seeds, Soy, Wheat",
Lettuce and Tomato Snack Wrap Happy Meal,https://www.mcdonalds.com/ca/en-ca/meal/lettuce-and-tomato-snack-wrap-happy-meal.html,431 g,340 Cals,9.5 g,4 g,0 g,15 mg,292 mg,47 g,2 g,23 g,14.1 g,615 mg,,,,,,"Egg, Milk, Mustard, Wheat",
4 Chicken McNuggets Happy Meal,https://www.mcdonalds.com/ca/en-ca/meal/4-chicken-mcnuggets-happy-meal.html,412 ml,340 Cals,11.5 g,3 g,0 g,40 mg,432 mg,35 g,1 g,22 g,20.1 g,515 mg,,,,,,"Milk, Wheat",
Cheeseburger Happy Meal,https://www.mcdonalds.com/ca/en-ca/meal/hm-cheeseburger.html,536 g,700 Cals,25.5 g,8 g,0.3 g,45 mg,982 mg,88 g,6 g,29 g,27.1 g,1115 mg,,,,,,"Milk, Mustard, Soy, Wheat",
Hamburger Happy Meal,https://www.mcdonalds.com/ca/en-ca/meal/hamburger-happy-meal.html,448 g,410 Cals,10.5 g,4.5 g,0.2 g,35 mg,622 mg,57 g,3 g,29 g,22.1 g,690 mg,,,,,,"Milk, Mustard, Wheat",
Chicken Snack Wrap Happy Meal with Crispy Chicken,https://www.mcdonalds.com/ca/en-ca/meal/snack-wrap-crispy-happy-meal.html,466 g,460 Cals,16.5 g,5 g,0.1 g,40 mg,542 mg,52 g,2 g,23 g,24.1 g,740 mg,,,,,,"Egg, Milk, Mustard, Wheat",
Chicken Snack Wrap Happy Meal with Grilled Chicken,https://www.mcdonalds.com/ca/en-ca/meal/snack-wrap-with-grilled-chicken-happy-meal.html,458 g,390 Cals,11.5 g,4.5 g,0.1 g,55 mg,452 mg,46 g,2 g,22 g,25.1 g,590 mg,,,,,,"Egg, Milk, Mustard, Wheat",
Hotcakes Happy Meal,https://www.mcdonalds.com/ca/en-ca/meal/hotcakes-happy-meal.html,501 g,520 Cals,11.5 g,3 g,0 g,30 mg,732 mg,85 g,4 g,36 g,18.1 g,765 mg,,,,,,"Egg, Milk, Soy, Wheat",
Biscoff® McPops,https://www.mcdonalds.com/ca/en-ca/product/biscoff-mcpops.html,25 g,120 Cals,7 g,3 g,0 g,5 mg,75 mg,12 g,0 g,6 g,2 g,20 mg,0,1,0,,0,"Egg, Milk, Soy, Wheat",
Berry McPops,https://www.mcdonalds.com/ca/en-ca/product/berry-mcpops.html,25 g,90 Cals,4.5 g,2 g,0 g,10 mg,65 mg,11 g,1 g,4 g,1 g,30 mg,0,3,0,,0,"Egg, Milk, Wheat",
White Chocolate McPops,https://www.mcdonalds.com/ca/en-ca/product/white-chocolate-mcpops.html,25 g,120 Cals,6 g,2.5 g,0 g,10 mg,70 mg,13 g,0 g,6 g,2 g,40 mg,2,3,0,,0,"Egg, Gluten, Milk, Soy, Wheat",
Hazelnut & Cocoa McPops,https://www.mcdonalds.com/ca/en-ca/product/hazelnut-cocoa-mcpops.html,25 g,120 Cals,6 g,2 g,0 g,10 mg,75 mg,12 g,0 g,6 g,2 g,50 mg,2,4,0,,0,"Egg, Gluten, Milk, Soy, Tree Nuts",
Fruit & Fibre Muffin,https://www.mcdonalds.com/ca/en-ca/product/fruit-fibre-muffin.html,123 g,380 Cals,14 g,1.5 g,0 g,0 mg,480 mg,60 g,6 g,31 g,7 g,300 mg,4,14,0,,0,"Egg, Milk, Oat, Soy, Wheat",
Chocolate Brownie Muffin,https://www.mcdonalds.com/ca/en-ca/product/chocolate-brownie-muffin.html,125 g,380 Cals,15 g,3 g,0.1 g,0 mg,360 mg,57 g,3 g,33 g,6 g,300 mg,4,19,0,,0,"Egg, Milk, Soy, Wheat",
Blueberry Muffin,https://www.mcdonalds.com/ca/en-ca/product/blueberry-muffin.html,122 g,430 Cals,17 g,1.5 g,0 g,0 mg,360 mg,66 g,3 g,31 g,7 g,0 mg,4,10,0,,0,"Egg, Milk, Oat, Soy, Wheat",
Carrot Muffin,https://www.mcdonalds.com/ca/en-ca/product/carrot-muffin.html,130 g,440 Cals,16 g,1.5 g,0 g,0 mg,370 mg,70 g,2 g,37 g,7 g,200 mg,4,11,22,,0,"Egg, Milk, Oat, Soy, Wheat",
Cranberry Orange Muffin,https://www.mcdonalds.com/ca/en-ca/product/cranberry-orange-muffin-201057.html,124 g,380 Cals,9 g,1.5 g,0 g,0 mg,410 mg,71 g,2 g,37 g,5 g,150 mg,4,13,0,,0,"Egg, Milk, Soy, Wheat",
Chocolate Chip Muffin,https://www.mcdonalds.com/ca/en-ca/product/chocolate-chip-muffin.html,125 g,440 Cals,14 g,3 g,1 g,5 mg,330 mg,71 g,3 g,38 g,8 g,175 mg,6,17,0,,0,"Egg, Milk, Soy, Wheat",
McVeggie,https://www.mcdonalds.com/ca/en-ca/product/mcveggie.html,186 g,470 Cals,22 g,3 g,0.2 g,10 mg,710 mg,55 g,5 g,9 g,11 g,350 mg,4,19,0,,0,"Egg, Mustard, Oat, Sesame Seeds, Soy, Wheat",
Spicy McVeggie,https://www.mcdonalds.com/ca/en-ca/product/spicy-mcveggie.html,190 g,450 Cals,20 g,2.5 g,0.1 g,10 mg,740 mg,56 g,6 g,9 g,11 g,350 mg,4,22,0,,0,"Egg, Mustard, Oat, Sesame Seeds, Soy, Wheat",
Filet-O-Fish,https://www.mcdonalds.com/ca/en-ca/product/filet-o-fish.html,138 g,400 Cals,20 g,4 g,0.2 g,40 mg,570 mg,40 g,1 g,5 g,14 g,250 mg,4,13,0,,0,"Egg, Fish, Milk, Mustard, Soy, Wheat",
Double Filet-O-Fish,https://www.mcdonalds.com/ca/en-ca/product/double-filet-o-fish.html,210 g,560 Cals,29 g,6 g,0.3 g,70 mg,820 mg,53 g,1 g,5 g,23 g,450 mg,8,14,0,,0,"Egg, Fish, Milk, Mustard, Soy, Wheat",
Chicken Snack Wrap Happy Meal with Grilled Chicken,https://www.mcdonalds.com/ca/en-ca/product/happy-meal-snack-wrap-grilled.html,110 g,220 Cals,9 g,3 g,0.1 g,45 mg,320 mg,21 g,1 g,0 g,15 g,75 mg,0,10,0,,0,"Egg, Mustard, Wheat",
Ramyeon McShaker Fries,https://www.mcdonalds.com/ca/en-ca/product/ramyeon-mcshaker-fries.html,120 g,380 Cals,18 g,2.5 g,0.2 g,0 mg,660 mg,51 g,4 g,2 g,5 g,600 mg,2,6,0,,0,"Barley, Sesame Seeds, Soy, Wheat",
Chewy Chocolate Chunk Cookie,https://www.mcdonalds.com/ca/en-ca/product/chewy-chocolate-chunk-cookie.html,54 g,250 Cals,11 g,6 g,0 g,15 mg,150 mg,35 g,1 g,22 g,3 g,75 mg,2,14,0,,0,"Barley, Egg, Milk, Soy, Wheat",
Rainbow Sprinkle Cookie,https://www.mcdonalds.com/ca/en-ca/product/rainbow-sprinkle-cookie.html,55 g,250 Cals,10 g,6 g,0 g,15 mg,170 mg,36 g,1 g,23 g,3 g,50 mg,2,6,0,,0,"Barley, Egg, Milk, Soy, Wheat",
Toasted S’mores Cookie,https://www.mcdonalds.com/ca/en-ca/product/toasted-smores-cookie.html,55 g,240 Cals,10 g,4.5 g,0 g,15 mg,210 mg,36 g,1 g,21 g,3 g,75 mg,2,8,0,,0,"Barley, Egg, Milk, Soy, Wheat",
Apple Slices,https://www.mcdonalds.com/ca/en-ca/product/apple-slices.html,68 g,35 Cals,0 g,0 g,0 g,0 mg,2 mg,9 g,1 g,7 g,0.1 g,75 mg,2,1,0,,0,,
World Famous Fries,https://www.mcdonalds.com/ca/en-ca/product/french-fries-medium.html,110 g,350 Cals,17 g,2 g,0.2 g,0 mg,260 mg,46 g,4 g,0 g,4 g,550 mg,2,4,0,,0,,
Mini Fry,https://www.mcdonalds.com/ca/en-ca/product/mini-fry.html,38 g,120 Cals,6 g,0.5 g,0 g,0 mg,90 mg,16 g,1 g,0 g,1 g,200 mg,0,2,0,,0,,
Poutine,https://www.mcdonalds.com/ca/en-ca/product/poutine.html,254 g,870 Cals,37 g,13 g,1 g,60 mg,3170 mg,113 g,5 g,9 g,21 g,1050 mg,38,11,0,,0,Milk,
