Category,Item,Energy (kcal),Fat (g),Saturated Fat (g),Carbohydrates (g),Sugars (g),Fibre (g),Protein (g),Salt (g),Celery,Egg,Fish,Gluten (Barley),Gluten (Rye),Milk,Mustard,Soy,Wheat,Sesame
HAMBURGERS & CHICKEN,Dave's Single,524,29,10,37,8.2,1.7,28,2.2,,,,✓,,,✓,,✓,✓
HAMBURGERS & CHICKEN,Dave's Double,879,56,22,39,9.7,1.7,54,4.4,,,,✓,,,✓,,✓,✓
HAMBURGERS & CHICKEN,Dave's Triple,1195,80,33,41,10,1.7,77,6.1,,,,✓,,,✓,,✓,✓
HAMBURGERS & CHICKEN,Baconator,1001,66,26,38,8.5,1.7,63,5.8,,,,✓,,,✓,,✓,✓
HAMBURGERS & CHICKEN,Curry Bean Burger,535,25,7,57,9,7,17,2.8,,,,✓,,,✓,,✓,✓
HAMBURGERS & CHICKEN,Spicy Chicken,400,15,2.4,45,6.3,2.4,20,2.2,,,,✓,,,✓,,✓,✓
HAMBURGERS & CHICKEN,Classic Chicken,404,15,2.5,46,6.4,2.5,20,2.5,,,,✓,,✓,✓,,✓,✓
HAMBURGERS & CHICKEN,Grilled Chicken,337,10,1.2,35,6.4,1.7,26,1.6,,,,✓,,,✓,,✓,✓
HAMBURGERS & CHICKEN,Avocado Chicken Club,583,30,8.7,47,6.5,2.4,30,3.4,,,,✓,,✓,✓,,✓,✓
HAMBURGERS & CHICKEN,4 Pc Chicken Nuggets,114,5.6,1.4,4.9,0,0,11,0.93,,,,✓,,,✓,,✓,
HAMBURGERS & CHICKEN,6 Pc Chicken Nuggets,173,8.4,2.1,7.4,0,0,17,1.4,,,,✓,,,✓,,✓,
HAMBURGERS & CHICKEN,10 Pc Chicken Nuggets,286,14,3.4,12,0,0,28,2.3,,,,✓,,,✓,,✓,
HAMBURGERS & CHICKEN,20 Pc Chicken Nuggets,572,28,6.9,25,0,0,55,4.6,,,,✓,,,✓,,✓,
HAMBURGERS & CHICKEN,4 Pc Spicy Chicken Nuggets,99,2.8,0.5,6.5,0,0,12,0.37,,,,✓,,,✓,,✓,
HAMBURGERS & CHICKEN,6 Pc Spicy Chicken Nuggets,152,4.1,0.8,9.8,0,0,19,0.55,,,,✓,,,✓,,✓,
HAMBURGERS & CHICKEN,10 Pc Spicy Chicken Nuggets,250,6.8,1.3,16,0,0.6,31,0.92,,,,✓,,,✓,,✓,
HAMBURGERS & CHICKEN,20 Pc Spicy Chicken Nuggets,499,13,2.6,33,0,1.2,62,1.8,,,,✓,,,✓,,✓,
HAMBURGERS & CHICKEN,Spicy Chicken Mayo Wrap,341,20,4.9,27,1.5,2.3,12,1.3,,,,✓,,,✓,,✓,
HAMBURGERS & CHICKEN,Spicy Chicken Avocado Wrap,252,11,2.9,27,2.1,2.3,10,1.1,,,,✓,,,,,✓,
HAMBURGERS & CHICKEN,Crispy Chicken Curry Mayo Wrap,301,16,3.1,28,2.6,2.5,10,1.2,,,,✓,,,✓,,✓,
HAMBURGERS & CHICKEN,Spicy Chicken BBQ Wrap,268,9.7,4.1,32,5.8,2.3,12,1.4,,,,✓,,,✓,,✓,
HAMBURGERS & CHICKEN,Cheeseburger Deluxe,366,19,6.3,31,7.3,1.4,17,1.9,,,,✓,,✓,✓,,✓,✓
HAMBURGERS & CHICKEN,Bacon Cheeseburger,410,23,7.4,30,5.9,1.4,20,2.3,,,,✓,,✓,✓,,✓,✓
SALADS,Caesar Chicken Salad,411,31,6.6,4.2,3.7,1.4,28,2.1,✓,✓,✓,,,✓,,✓,,
SALADS,Avocado Chicken Salad,485,36,9.5,7.5,5.2,1.4,32,2.2,,,,,,✓,,,✓,
SIDES,Value Fries,142,6.7,0.5,18,3.5,1.5,1.6,2.1,,,,✓,,,,,,
SIDES,Medium Fries,176,8.5,0.6,22,3.7,1.9,2,2.1,,,,✓,,,,,,
SIDES,Large Fries,239,11,0.8,31,6.8,2.6,2.7,2.4,,,,✓,,,,,,
SIDES,Baconator Fries,459,34,9.3,25,2.6,2.3,12,1.7,,,,✓,,✓,,,✓,
SIDES,Cheesy Topped Fries,351,24,7.1,25,2.5,2.3,7.5,2.6,,,,✓,,✓,,,✓,
SIDES,Plain Potato,232,5.4,3.4,39,2.4,4.7,4.4,1.9,,,,✓,,✓,,,✓,
SIDES,Bacon & Cheese Potato,405,20,8.4,40,3.8,4.3,14,1.6,,,,✓,,✓,,,✓,
SIDES,Sour Cream and Chives Potato,233,5.4,3.3,39,3.4,4.4,4.9,0.04,,,,✓,,✓,,,✓,
SIDES,Chili,253,13,5.5,14,3.5,1.9,19,1.5,,,,✓,,✓,,,✓,
SIDES,Chili Cheese Fries,481,31,9.8,32,4.2,3.2,17,1.7,,,,✓,,✓,,,✓,
SIDES,Chili Cheese Baked Potato,428,17,9,47,5.5,5.3,19,1.6,,,,✓,,✓,,,✓,
KIDS' MEAL,Kid's Cheeseburger,317,14,5.8,30,6.3,1.4,17,1.8,,,,✓,,✓,✓,,✓,✓
KIDS' MEAL,Kid's Hamburger,278,11,4.3,29,5.5,1.4,15,1.3,,,,✓,,,✓,,✓,✓
KIDS' MEAL,4 Pc Chicken Nuggets,114,5.6,1.4,4.9,0,0,11,0.93,,,,✓,,,✓,,✓,
KIDS' MEAL,Espresso,0,0,0,0,0,0,0,0,,,,,,,,,,
KIDS' MEAL,Americano,0,0,0,0,0,0,0,0.02,,,,,,,,,,
KIDS' MEAL,Flat White,153,5,3.1,16,16,0,11,0.47,,,,,,✓,,,✓,
KIDS' MEAL,Cappuccino,95,3.2,2,9.9,9.9,0,6.7,0.3,,,,,,✓,,,✓,
KIDS' MEAL,Latte,153,5,3.1,16,16,0,11,0.47,,,,,,✓,,,✓,
KIDS' MEAL,Mocha,190,3.5,2.2,31,30,2.4,7.3,0.41,,,,,,✓,,,✓,
KIDS' MEAL,Tea,0,0,0,0,0,0,0,0,,,,,,,,,,
KIDS' MEAL,Hot Chocolate,245,4.3,2.7,41,39,3.2,8.9,0.51,,,,,,✓,,,✓,
FROSTY,Jr. Vanilla Frosty,179,6.3,5.5,27,19,0,3.5,0.34,,,,,,✓,,,✓,
FROSTY,Regular Vanilla Frosty,311,11,9.6,47,34,0,6.1,0.6,,,,,,✓,,,✓,
FROSTY,Large Vanilla Frosty,424,15,13,64,45,0,8.2,0.8,,,,,,✓,,,✓,
FROSTY,Jr. Chocolate Frosty,174,4.6,0.5,28,23,0,5.2,0.2,,,,,,✓,,,✓,
FROSTY,Regular Chocolate Frosty,299,7.9,0.9,48,40,0,8.9,0.35,,,,,,✓,,,✓,
FROSTY,Large Chocolate Frosty,407,11,1.2,65,55,0,12,0.48,,,,,,✓,,,✓,
BREAKFAST,Sausage Egg & Cheese Croissant,492,33,13,28,4.9,1.5,20,1.1,,✓,,,,,✓,,✓,
BREAKFAST,Bacon Egg & Cheese Croissant,403,25,10,27,4.3,1,17,1.4,,✓,,,,,✓,,✓,
BREAKFAST,Breakfast Baconator,704,44,15,39,8,2.1,37,3.9,,✓,,✓,,,✓,,✓,✓
BREAKFAST,Egg & Cheese Muffin,319,16,4.5,27,2.5,5.5,14,1,,✓,,,,,✓,,✓,
BREAKFAST,Sausage & Cheese Muffin,477,29,9.1,28,3.2,6,23,1.4,,,,,,✓,,,✓,
BREAKFAST,Bacon & Cheese Muffin,384,21,6.3,27,2.6,5.5,19,1.7,,✓,,,,,✓,,✓,
BREAKFAST,Small Breakfast Potatoes,132,3.4,0.3,22,0,2.3,2.3,0.46,,,,,,,,,,
BREAKFAST,Med Breakfast Potatoes,186,4.8,0.5,31,0.5,3.2,3.2,0.66,,,,,,,,,,
BREAKFAST,Large Breakfast Potatoes,236,6.1,0.6,39,0.7,4.1,4.1,0.83,,,,,,,,,,
BREAKFAST,Pain au Chocolat,206,10,6.2,24,7.3,1.6,4.1,0.32,,✓,,,,✓,,✓,✓,
BREAKFAST,Apple Slices,42,0,0,9.3,9.3,2.2,0,0,,,,,,,,,,
BEVERAGES,Can Coke,140,0,0,35,35,0,0,0,,,,,,,,,,
BEVERAGES,Can Diet Coke,0,0,0,0,0,0,0,0,,,,,,,,,,
BEVERAGES,Can Coke Zero,0,0,0,0,0,0,0,0.07,,,,,,,,,,
BEVERAGES,Can Sprite,44,0,0,11,11,0,0,0.03,,,,,,,,,,
BEVERAGES,Coke Small Drink 12oz,152,0,0,38,38,0,0,0,,,,,,,,,,
BEVERAGES,Diet Coke Small Drink 12oz,0,0,0,0,0,0,0,0,,,,,,,,,,
BEVERAGES,Coke Zero Small Drink 12oz,0,0,0,0,0,0,0,0.07,,,,,,,,,,
BEVERAGES,Orange Fanta Small Drink 12oz,64,0,0,16,16,0,0,0.07,,,,,,,,,,
BEVERAGES,Sprite Zero Small Drink 12oz,0,0,0,0,0,0,0,0.25,,,,,,,,,,
BEVERAGES,Coke Medium Drink 16oz,200,0,0,50,50,0,0,0,,,,,,,,,,
BEVERAGES,Diet Coke Medium Drink 16oz,0,0,0,0,0,0,0,0,,,,,,,,,,
BEVERAGES,Coke Zero Medium Drink 16oz,0,0,0,0,0,0,0,0.09,,,,,,,,,,
BEVERAGES,Orange Fanta Medium Drink 16oz,84,0,0,21,21,0,0,0.09,,,,,,,,,,
BEVERAGES,Sprite Zero Medium Drink 16oz,0,0,0,0,0,0,0,0.33,,,,,,,,,,
BEVERAGES,Coke Large Drink 20oz,252,0,0,63,63,0,0,0,,,,,,,,,,
BEVERAGES,Diet Coke Large Drink 20oz,0,0,0,0,0,0,0,0,,,,,,,,,,
BEVERAGES,Coke Zero Large Drink 20oz,0,0,0,0,0,0,0,0.12,,,,,,,,,,
BEVERAGES,Orange Fanta Large Drink 20oz,108,0,0,27,27,0,0,0.12,,,,,,,,,,
BEVERAGES,Sprite Zero Large Drink 20oz,0,0,0,0,0,0,0,0.41,,,,,,,,,,
INGREDIENTS/CONDIMENTS,Premium Bun,183,2.3,0.3,33,5.2,1.7,6.6,0.75,,,,✓,,,,,✓,
INGREDIENTS/CONDIMENTS,Value Bun,149,1.9,0.2,27,4.2,1.4,5.3,0.61,,,,✓,,,,,✓,
INGREDIENTS/CONDIMENTS,Lettuce As Bun,0,0,0,0,0,0,0,0,,,,,,,,,,
INGREDIENTS/CONDIMENTS,Strawberry Jam,38,0,0,9.6,9.6,0,0,0,,,,,,,,,,
INGREDIENTS/CONDIMENTS,Cranberries,41,0,0,10,8.3,0.6,0,0,,,,,,,,,,
INGREDIENTS/CONDIMENTS,Brown Sugar,16,0,0,4,4,0,0,0,,,,,,,,,,
INGREDIENTS/CONDIMENTS,Small Patty,122,9.3,4.1,0,0,0,9.5,0.06,,,,,,,,,,
INGREDIENTS/CONDIMENTS,Large Patty,273,21,9.2,0,0,0,21,0.13,,,,,,,,,,
INGREDIENTS/CONDIMENTS,Bacon 2 Pieces,42,3.2,1.2,0,0,0,3.3,0.48,,,,,,,,,,
INGREDIENTS/CONDIMENTS,Bacon 3 Pieces,63,4.8,1.8,0,0,0,4.9,0.72,,,,,,,,,,
INGREDIENTS/CONDIMENTS,Sub Classic Chicken,162,6.7,1.7,12,0,0.7,13,1.4,,,,✓,,,,,✓,
INGREDIENTS/CONDIMENTS,Sub Grilled,93,1.9,0.4,0,0,0,19,0.77,,,,,,,,,,
INGREDIENTS/CONDIMENTS,Sausage,158,13,4.6,1.5,0.7,0,8.8,0.39,,,,,,,,,,
INGREDIENTS/CONDIMENTS,Sub Spicy,156,6.5,1.6,11,0,0.7,13,1.4,,,,✓,,,,,✓,
INGREDIENTS/CONDIMENTS,Shredded Cheese,36,3,1.9,0,0,0,2.2,0.17,,,,,,✓,,,✓,
INGREDIENTS/CONDIMENTS,Cream Crackers,71,2.1,1,11,0,0.6,1.6,0.19,,,,✓,,,,,✓,
INGREDIENTS/CONDIMENTS,Ketchup Packet,11,0,0,2.8,2.7,0,0,0.22,,,,,,,,,,
INGREDIENTS/CONDIMENTS,Sour Cream,52,5,3.1,1.1,1.1,0,0.7,0.04,,,,,,✓,,,✓,
INGREDIENTS/CONDIMENTS,Tomato Sliced,3,0,0,0.8,0.8,0,0,0,,,,,,,,,,
INGREDIENTS/CONDIMENTS,Tomato Diced,5,0,0,1.3,1.3,0,0,0,,,,,,,,,,
INGREDIENTS/CONDIMENTS,Monterey Jack Cheese,93,7.8,4.8,0,0,0,5.8,0.45,,,,,,✓,,,✓,
INGREDIENTS/CONDIMENTS,American Cheese,42,3.2,1.5,1.3,0.8,0,1.9,0.49,,,,,,✓,,,✓,
INGREDIENTS/CONDIMENTS,Emmental Cheese,152,12,8.2,0,0,0,11,0.51,,,,,,✓,,,✓,
INGREDIENTS/CONDIMENTS,Italian Cheese,82,6,4.4,0,0,0,7,0,,,,,,✓,,,✓,
INGREDIENTS/CONDIMENTS,Grana Padano PDO Cheese flakes,83,6.1,3.8,0,0,0,7,0.32,,,,,,✓,,✓,✓,
INGREDIENTS/CONDIMENTS,Cheese Shredded Cheddar - Salad,105,8.8,5.5,0,0,0,6.5,0.49,,,,,,✓,,,✓,
INGREDIENTS/CONDIMENTS,Cheese Shredded Cheddar - topped side,36,3,1.9,0,0,0,2.2,0.17,,,,,,✓,,,✓,
INGREDIENTS/CONDIMENTS,Cheddar Cheese Sauce,81,6.5,4.2,2.3,1.5,0,3.2,0.73,,,,,,✓,,,✓,
INGREDIENTS/CONDIMENTS,Breakfast Cheese Sauce,34,2.9,1.9,0.9,0.6,0,1,0.24,,,,,,✓,,,✓,
INGREDIENTS/CONDIMENTS,Creamer,0,0,0,0,0,0,0,0.01,,,,,,✓,,,✓,
INGREDIENTS/CONDIMENTS,Kid's Milk,94,3,2,9.8,9.8,0,7,0.2,,,,,,✓,,,✓,
INGREDIENTS/CONDIMENTS,Sugar,16,0,0,4,4,0,0,0,,,,,,,,,,
INGREDIENTS/CONDIMENTS,Sweetener Packets,14,0,0,3.6,3.6,0,0,0,,,,,,,,,,
INGREDIENTS/CONDIMENTS,BBQ Dip Pot,32,0,0,8,7,0,0,0.3,,,,,,,,,,
INGREDIENTS/CONDIMENTS,Garlic Sauce Dip Pot,100,9.8,0.8,3,2.2,0,0,0.43,,✓,,,,,,✓,,
INGREDIENTS/CONDIMENTS,Sweet Chili Dip Pot,48,0,0,12,11,0,0,0.38,,,,,,,,,,
INGREDIENTS/CONDIMENTS,Caesar Salad Dressing,209,22,2,1.5,1.1,0,1.3,1.2,,✓,✓,,,✓,,✓,,
INGREDIENTS/CONDIMENTS,Pomegranate Vinaigrette,100,3.3,0.3,17,16,0,0.6,0.05,,,,,,,,,,
INGREDIENTS/CONDIMENTS,Kids Carton Juice,54,0,0,12,11,0.8,1,0,,,,,,,,,,
INGREDIENTS/CONDIMENTS,Chives,0,0,0,0,0,0,0,0,,,,,,,,,,
INGREDIENTS/CONDIMENTS,Mayonnaise Bulk - Premium Sandwich,50,5.6,0.5,0,0,0,0,0.1,,✓,,,,,,✓,,
INGREDIENTS/CONDIMENTS,Mayonnaise Bulk - Value Sandwich,45,5,0.4,0,0,0,0,0.08,,✓,,,,,,✓,,
INGREDIENTS/CONDIMENTS,Sea Salt Packet,0,0,0,0,0,0,0,2.5,,,,,,,,,,
INGREDIENTS/CONDIMENTS,Ketchup Bulk - Premium Sandwich,6,0,0,1.6,1.5,0,0,0.12,,,,,,,,,,
INGREDIENTS/CONDIMENTS,Ketchup Bulk - Value Sandwich,5,0,0,1.3,1.2,0,0,0.1,,,,,,,,,,
INGREDIENTS/CONDIMENTS,Romaine Lettuce Whole,0,0,0,0,0,0,0,0,,,,,,,,,,
INGREDIENTS/CONDIMENTS,White Onion Bulk - Premium Sandwich,0,0,0,0,0,0,0,0,,,,,,,,,,
INGREDIENTS/CONDIMENTS,White Onion Bulk - Value Sandwich,0,0,0,0,0,0,0,0,,,,,,,,,,
INGREDIENTS/CONDIMENTS,Pickle Slice - Premium Sandwich,0,0,0,0,0,0,0,0.22,,,,,,,,,,
INGREDIENTS/CONDIMENTS,Pickle Slice - Value Sandwich,0,0,0,0,0,0,0,0.14,,,,,,,,,,
INGREDIENTS/CONDIMENTS,Frozen Avocado - Sandwich,45,4.5,0.7,0.6,0,0,0.6,0.1,,,,,,,,,,
INGREDIENTS/CONDIMENTS,Frozen Avocado - Salad,90,8.9,1.3,1.2,0,0,1.2,0.19,,,,,,,,,,
INGREDIENTS/CONDIMENTS,Southwest Ranch Salad Dressing,131,13,1.1,2.3,1.7,0,1.1,0.21,,,,,,✓,,✓,,
INGREDIENTS/CONDIMENTS,Curry Powder,0,0,0,0,0,0,0,0.04,,,,,,,,✓,,
INGREDIENTS/CONDIMENTS,Wheat Flour Tortilla,131,3.4,1.4,21,1.1,2,3.2,0.3,,,,✓,,,,,✓,
INGREDIENTS/CONDIMENTS,BBQ Sauce,22,0,0,5.4,4.6,0,0,0.19,,,,,,,,,,
